12,0.0235294117647058,Baseline:,147.5102939605713,755,safe,0.0103795081377029,lam_0_c_0:,179.31679677963257,755,safe,-0.3236390352249145,lam_0_c_02:,177.85930347442627,755,safe,-0.3236390352249145,lam_0_c_1:,177.30453944206238,755,safe,-0.3236390352249145,lam_05_c_0:,177.40129947662354,755,safe,-0.3236390352249145,lam_05_c_02:,177.26779532432556,755,safe,-0.3236390352249145,lam_05_c_1:,177.65285325050354,755,safe,-0.3236390352249145,lam_1_c_0:,177.82456636428833,755,safe,-0.3236390352249145,lam_1_c_02:,178.124981880188,755,safe,-0.3236390352249145,lam_1_c_1:,177.7056097984314,755,safe,-0.3236390352249145,lam_0_c_04:,176.0192995071411,755,safe,-0.3236390352249145,lam_0_c_06:,176.19334435462952,755,safe,-0.3236390352249145,lam_0_c_08:,174.08624505996704,755,safe,-0.3236390352249145,lam_05_c_04:,173.7083067893982,755,safe,-0.3236390352249145,lam_05_c_06:,173.91449308395386,755,safe,-0.3236390352249145,lam_05_c_08:,175.98664474487305,755,safe,-0.3236390352249145,lam_1_c_04:,174.17460417747498,755,safe,-0.3236390352249145,lam_1_c_06:,174.9537558555603,755,safe,-0.3236390352249145,lam_1_c_08:,174.5834619998932,755,safe,-0.3236390352249145
16,0.0392156862745098,Baseline:,118.50088953971864,189,advExample,-0.8516648411750793,lam_0_c_0:,44.43967652320862,37,advExample,-1.2429648637771606,lam_0_c_02:,57.66453504562378,49,advExample,-1.2429648637771606,lam_0_c_1:,105.84637522697447,91,advExample,-1.2429648637771606,lam_05_c_0:,22.727118015289307,19,advExample,-1.2429648637771606,lam_05_c_02:,22.772095680236816,19,advExample,-1.2429648637771606,lam_05_c_1:,48.07785868644714,39,advExample,-1.2429648637771606,lam_1_c_0:,1001.5206613540648,1189,unknown,-1.2429648637771606,lam_1_c_02:,1001.3603856563568,1183,unknown,-1.2429648637771606,lam_1_c_1:,1001.235825061798,1185,unknown,-1.2429648637771606,lam_0_c_04:,72.89569234848022,59,advExample,-1.2429648637771606,lam_0_c_06:,86.98907780647278,71,advExample,-1.2429648637771606,lam_0_c_08:,100.88875031471252,83,advExample,-1.2429648637771606,lam_05_c_04:,32.35302948951721,25,advExample,-1.2429648637771606,lam_05_c_06:,38.48464274406433,31,advExample,-1.2429648637771606,lam_05_c_08:,46.304290771484375,37,advExample,-1.2429648637771606,lam_1_c_04:,1001.4095041751862,1151,unknown,-1.2429648637771606,lam_1_c_06:,1001.709255695343,1135,unknown,-1.2429648637771606,lam_1_c_08:,1000.4475815296172,1135,unknown,-1.2429648637771606
25,0.0470588235294117,Baseline:,0.8652405738830566,3,safe,0.0187546461820602,lam_0_c_0:,0.6643691062927246,3,safe,0.0187546461820602,lam_0_c_02:,0.665743350982666,3,safe,0.0187546461820602,lam_0_c_1:,0.6669533252716064,3,safe,0.0187546461820602,lam_05_c_0:,0.6630723476409912,3,safe,0.0187546461820602,lam_05_c_02:,0.7738058567047119,3,safe,0.0187546461820602,lam_05_c_1:,0.6662147045135498,3,safe,0.0187546461820602,lam_1_c_0:,0.6574764251708984,3,safe,0.0187546461820602,lam_1_c_02:,0.6603147983551025,3,safe,0.0187546461820602,lam_1_c_1:,0.6594865322113037,3,safe,0.0187546461820602,lam_0_c_04:,0.6619744300842285,3,safe,0.0187546461820602,lam_0_c_06:,0.6658651828765869,3,safe,0.0187546461820602,lam_0_c_08:,0.6638755798339844,3,safe,0.0187546461820602,lam_05_c_04:,0.7555961608886719,3,safe,0.0187546461820602,lam_05_c_06:,0.6615750789642334,3,safe,0.0187546461820602,lam_05_c_08:,0.6634759902954102,3,safe,0.0187546461820602,lam_1_c_04:,0.6587526798248291,3,safe,0.0187546461820602,lam_1_c_06:,0.6618714332580566,3,safe,0.0187546461820602,lam_1_c_08:,0.6594784259796143,3,safe,0.0187546461820602
30,0.0431372549019607,Baseline:,1000.8486077785492,1699,unknown,-0.4124161601066589,lam_0_c_0:,1001.4287128448486,865,unknown,-1.332676649093628,lam_0_c_02:,1000.4518201351166,877,unknown,-1.332676649093628,lam_0_c_1:,1000.3471114635468,949,unknown,-1.332676649093628,lam_05_c_0:,1000.9580979347228,1097,unknown,-1.332676649093628,lam_05_c_02:,1000.8988254070282,1097,unknown,-1.332676649093628,lam_05_c_1:,1001.3188405036926,1065,unknown,-1.332676649093628,lam_1_c_0:,1001.6839792728424,1027,unknown,-1.332676649093628,lam_1_c_02:,1002.447057723999,1049,unknown,-1.332676649093628,lam_1_c_1:,1001.3654654026031,1049,unknown,-1.332676649093628,lam_0_c_04:,1001.4705321788788,935,unknown,-1.332676649093628,lam_0_c_06:,1003.269458770752,955,unknown,-1.332676649093628,lam_0_c_08:,1001.0097625255584,973,unknown,-1.332676649093628,lam_05_c_04:,1001.5287806987762,1119,unknown,-1.332676649093628,lam_05_c_06:,1000.537983894348,1087,unknown,-1.332676649093628,lam_05_c_08:,1000.9684002399443,1077,unknown,-1.332676649093628,lam_1_c_04:,1000.7916960716248,1037,unknown,-1.332676649093628,lam_1_c_06:,1001.5351066589355,1031,unknown,-1.332676649093628,lam_1_c_08:,1001.169013261795,1037,unknown,-1.332676649093628
33,0.0470588235294117,Baseline:,1000.6278405189514,1617,unknown,-2.6161868572235107,lam_0_c_0:,1002.1843376159668,913,unknown,-3.6868374347686768,lam_0_c_02:,1001.4809119701384,893,unknown,-3.6868374347686768,lam_0_c_1:,1000.6301460266112,893,unknown,-3.6868374347686768,lam_05_c_0:,68.4590539932251,55,advExample,-3.6868374347686768,lam_05_c_02:,67.6969051361084,55,advExample,-3.6868374347686768,lam_05_c_1:,1001.1876955032347,1029,unknown,-3.6868374347686768,lam_1_c_0:,1000.943054676056,1213,unknown,-3.6868374347686768,lam_1_c_02:,1000.9263575077056,1207,unknown,-3.6868374347686768,lam_1_c_1:,1000.7687520980836,1201,unknown,-3.6868374347686768,lam_0_c_04:,1001.3289003372192,871,unknown,-3.6868374347686768,lam_0_c_06:,1000.8354680538176,871,unknown,-3.6868374347686768,lam_0_c_08:,1001.0571262836456,873,unknown,-3.6868374347686768,lam_05_c_04:,92.72541117668152,73,advExample,-3.6868374347686768,lam_05_c_06:,109.98567628860474,87,advExample,-3.6868374347686768,lam_05_c_08:,1001.148374080658,1027,unknown,-3.6868374347686768,lam_1_c_04:,1000.8782284259796,1187,unknown,-3.6868374347686768,lam_1_c_06:,1000.915763616562,1189,unknown,-3.6868374347686768,lam_1_c_08:,1001.1364963054656,1193,unknown,-3.6868374347686768
44,0.0352941176470588,Baseline:,63.06348419189453,105,advExample,-3.2020652294158936,lam_0_c_0:,66.06591200828552,57,advExample,-3.92419958114624,lam_0_c_02:,85.6160032749176,79,advExample,-3.92419958114624,lam_0_c_1:,108.30076861381532,105,advExample,-3.92419958114624,lam_05_c_0:,19.83875727653504,17,advExample,-3.92419958114624,lam_05_c_02:,19.86762499809265,17,advExample,-3.92419958114624,lam_05_c_1:,50.720014333724976,45,advExample,-3.92419958114624,lam_1_c_0:,1000.5543808937072,1179,unknown,-3.92419958114624,lam_1_c_02:,1000.4363484382628,1179,unknown,-3.92419958114624,lam_1_c_1:,1001.291068315506,1177,unknown,-3.92419958114624,lam_0_c_04:,99.45573043823242,91,advExample,-3.92419958114624,lam_0_c_06:,100.6615662574768,93,advExample,-3.92419958114624,lam_0_c_08:,107.3594422340393,101,advExample,-3.92419958114624,lam_05_c_04:,29.973376512527462,25,advExample,-3.92419958114624,lam_05_c_06:,36.55761766433716,29,advExample,-3.92419958114624,lam_05_c_08:,39.7465569972992,33,advExample,-3.92419958114624,lam_1_c_04:,1000.8008596897124,1165,unknown,-3.92419958114624,lam_1_c_06:,1001.1081171035768,1167,unknown,-3.92419958114624,lam_1_c_08:,1000.61749792099,1169,unknown,-3.92419958114624
52,0.0470588235294117,Baseline:,1000.388294696808,1782,unknown,-0.9470606446266174,lam_0_c_0:,1002.3769900798798,983,unknown,-1.896395564079285,lam_0_c_02:,1002.1390852928162,1021,unknown,-1.896395564079285,lam_0_c_1:,1000.5843784809113,1043,unknown,-1.896395564079285,lam_05_c_0:,1001.011694908142,1247,unknown,-1.896395564079285,lam_05_c_02:,1001.0432031154633,1259,unknown,-1.896395564079285,lam_05_c_1:,1001.0693874359132,1223,unknown,-1.896395564079285,lam_1_c_0:,1000.2635009288788,1157,unknown,-1.896395564079285,lam_1_c_02:,1000.5805113315582,1169,unknown,-1.896395564079285,lam_1_c_1:,1001.5187656879424,1173,unknown,-1.896395564079285,lam_0_c_04:,1001.6909258365632,1025,unknown,-1.896395564079285,lam_0_c_06:,1001.0832090377808,1035,unknown,-1.896395564079285,lam_0_c_08:,1001.0645575523376,1039,unknown,-1.896395564079285,lam_05_c_04:,1000.4414758682252,1217,unknown,-1.896395564079285,lam_05_c_06:,1000.4366104602814,1221,unknown,-1.896395564079285,lam_05_c_08:,1001.3959231376648,1173,unknown,-1.896395564079285,lam_1_c_04:,1000.4254529476166,1167,unknown,-1.896395564079285,lam_1_c_06:,1000.4012162685394,1149,unknown,-1.896395564079285,lam_1_c_08:,1000.9657530784608,1151,unknown,-1.896395564079285
61,0.0392156862745098,Baseline:,4.106938600540161,5,advExample,-0.2362058162689209,lam_0_c_0:,4.73795485496521,5,advExample,-0.9380234479904176,lam_0_c_02:,4.69151496887207,5,advExample,-0.9380234479904176,lam_0_c_1:,4.698752164840698,5,advExample,-0.9380234479904176,lam_05_c_0:,4.6948018074035645,5,advExample,-0.9380234479904176,lam_05_c_02:,4.699684858322144,5,advExample,-0.9380234479904176,lam_05_c_1:,4.721017122268677,5,advExample,-0.9380234479904176,lam_1_c_0:,4.671554327011108,5,advExample,-0.9380234479904176,lam_1_c_02:,4.68822455406189,5,advExample,-0.9380234479904176,lam_1_c_1:,4.653725624084473,5,advExample,-0.9380234479904176,lam_0_c_04:,4.705729007720947,5,advExample,-0.9380234479904176,lam_0_c_06:,4.626025915145874,5,advExample,-0.9380234479904176,lam_0_c_08:,4.639842748641968,5,advExample,-0.9380234479904176,lam_05_c_04:,4.711044788360596,5,advExample,-0.9380234479904176,lam_05_c_06:,4.701424837112427,5,advExample,-0.9380234479904176,lam_05_c_08:,4.6961987018585205,5,advExample,-0.9380234479904176,lam_1_c_04:,4.729593276977539,5,advExample,-0.9380234479904176,lam_1_c_06:,4.714291095733643,5,advExample,-0.9380234479904176,lam_1_c_08:,4.78915810585022,5,advExample,-0.9380234479904176
61,0.0431372549019607,Baseline:,4.143670082092285,5,advExample,-0.6475127935409546,lam_0_c_0:,4.755861282348633,5,advExample,-1.1449589729309082,lam_0_c_02:,4.769933938980103,5,advExample,-1.1449589729309082,lam_0_c_1:,4.68252158164978,5,advExample,-1.1449589729309082,lam_05_c_0:,4.718174695968628,5,advExample,-1.1449589729309082,lam_05_c_02:,4.722928285598755,5,advExample,-1.1449589729309082,lam_05_c_1:,4.743800640106201,5,advExample,-1.1449589729309082,lam_1_c_0:,4.727654933929443,5,advExample,-1.1449589729309082,lam_1_c_02:,4.774728059768677,5,advExample,-1.1449589729309082,lam_1_c_1:,4.786258697509766,5,advExample,-1.1449589729309082,lam_0_c_04:,4.9293906688690186,5,advExample,-1.1449589729309082,lam_0_c_06:,4.949867486953735,5,advExample,-1.1449589729309082,lam_0_c_08:,4.8954010009765625,5,advExample,-1.1449589729309082,lam_05_c_04:,4.853550910949707,5,advExample,-1.1449589729309082,lam_05_c_06:,4.787788152694702,5,advExample,-1.1449589729309082,lam_05_c_08:,4.732424020767212,5,advExample,-1.1449589729309082,lam_1_c_04:,4.734281301498413,5,advExample,-1.1449589729309082,lam_1_c_06:,4.755250930786133,5,advExample,-1.1449589729309082,lam_1_c_08:,4.621871709823608,5,advExample,-1.1449589729309082
61,0.0509803921568627,Baseline:,2.374496459960937,2,advExample,,lam_0_c_0:,1.284985065460205,2,advExample,,lam_0_c_02:,1.29121994972229,2,advExample,,lam_0_c_1:,1.2933518886566162,2,advExample,,lam_05_c_0:,1.2840406894683838,2,advExample,,lam_05_c_02:,1.2820711135864258,2,advExample,,lam_05_c_1:,1.2819454669952393,2,advExample,,lam_1_c_0:,1.2891809940338137,2,advExample,,lam_1_c_02:,1.2630503177642822,2,advExample,,lam_1_c_1:,1.276423692703247,2,advExample,,lam_0_c_04:,1.2690119743347168,2,advExample,,lam_0_c_06:,1.280237913131714,2,advExample,,lam_0_c_08:,1.2852575778961182,2,advExample,,lam_05_c_04:,1.2929801940917969,2,advExample,,lam_05_c_06:,1.294583082199097,2,advExample,,lam_05_c_08:,1.2882487773895264,2,advExample,,lam_1_c_04:,1.288654088973999,2,advExample,,lam_1_c_06:,1.294783353805542,2,advExample,,lam_1_c_08:,1.2897307872772217,2,advExample,
61,0.0588235294117647,Baseline:,11.555083274841309,17,advExample,-1.8092666864395144,lam_0_c_0:,18.85737466812133,15,advExample,-2.3819587230682373,lam_0_c_02:,21.608246326446533,17,advExample,-2.3819587230682373,lam_0_c_1:,21.26533508300781,17,advExample,-2.3819587230682373,lam_05_c_0:,1000.4201936721802,1095,unknown,-2.3819587230682373,lam_05_c_02:,1001.0167860984802,1099,unknown,-2.3819587230682373,lam_05_c_1:,20.09422540664673,15,advExample,-2.3819587230682373,lam_1_c_0:,1001.1801540851592,1147,unknown,-2.3819587230682373,lam_1_c_02:,1000.7600512504578,1153,unknown,-2.3819587230682373,lam_1_c_1:,1000.8394014835358,1123,unknown,-2.3819587230682373,lam_0_c_04:,20.42455744743347,15,advExample,-2.3819587230682373,lam_0_c_06:,20.51311159133911,15,advExample,-2.3819587230682373,lam_0_c_08:,20.38243293762207,15,advExample,-2.3819587230682373,lam_05_c_04:,1000.6330361366272,1081,unknown,-2.3819587230682373,lam_05_c_06:,22.26576590538025,17,advExample,-2.3819587230682373,lam_05_c_08:,21.63110637664795,17,advExample,-2.3819587230682373,lam_1_c_04:,1001.3287966251372,1159,unknown,-2.3819587230682373,lam_1_c_06:,1001.677594423294,1155,unknown,-2.3819587230682373,lam_1_c_08:,1000.8630669116974,1147,unknown,-2.3819587230682373
61,0.0627450980392156,Baseline:,12.56454372406006,17,advExample,-2.14600682258606,lam_0_c_0:,20.334953546524048,15,advExample,-2.8305411338806152,lam_0_c_02:,23.79406332969665,17,advExample,-2.8305411338806152,lam_0_c_1:,23.635035276412964,17,advExample,-2.8305411338806152,lam_05_c_0:,1000.8975863456726,1027,unknown,-2.8305411338806152,lam_05_c_02:,1001.1771411895752,1013,unknown,-2.8305411338806152,lam_05_c_1:,21.531670093536377,15,advExample,-2.8305411338806152,lam_1_c_0:,1001.0370938777924,1079,unknown,-2.8305411338806152,lam_1_c_02:,1001.4216396808624,1063,unknown,-2.8305411338806152,lam_1_c_1:,1001.0814683437349,1061,unknown,-2.8305411338806152,lam_0_c_04:,21.885371446609497,15,advExample,-2.8305411338806152,lam_0_c_06:,21.617501258850098,15,advExample,-2.8305411338806152,lam_0_c_08:,23.065263986587524,17,advExample,-2.8305411338806152,lam_05_c_04:,1000.6037502288818,1013,unknown,-2.8305411338806152,lam_05_c_06:,23.442230701446533,17,advExample,-2.8305411338806152,lam_05_c_08:,23.803017616271973,17,advExample,-2.8305411338806152,lam_1_c_04:,1001.4889640808104,1071,unknown,-2.8305411338806152,lam_1_c_06:,1001.3507733345032,1075,unknown,-2.8305411338806152,lam_1_c_08:,1000.7193720340728,1073,unknown,-2.8305411338806152
66,0.0392156862745098,Baseline:,26.0508291721344,55,safe,0.0642372295260429,lam_0_c_0:,38.23716926574707,55,safe,-0.2665984034538269,lam_0_c_02:,38.64997720718384,55,safe,-0.2665984034538269,lam_0_c_1:,38.2417049407959,55,safe,-0.2665984034538269,lam_05_c_0:,38.424721002578735,55,safe,-0.2665984034538269,lam_05_c_02:,38.27013611793518,55,safe,-0.2665984034538269,lam_05_c_1:,38.17288041114807,55,safe,-0.2665984034538269,lam_1_c_0:,38.18831205368042,55,safe,-0.2665984034538269,lam_1_c_02:,38.38678860664368,55,safe,-0.2665984034538269,lam_1_c_1:,38.27124857902527,55,safe,-0.2665984034538269,lam_0_c_04:,37.5645968914032,55,safe,-0.2665984034538269,lam_0_c_06:,37.60835599899292,55,safe,-0.2665984034538269,lam_0_c_08:,37.214919090271,55,safe,-0.2665984034538269,lam_05_c_04:,37.86381721496582,55,safe,-0.2665984034538269,lam_05_c_06:,37.472861528396606,55,safe,-0.2665984034538269,lam_05_c_08:,37.40350031852722,55,safe,-0.2665984034538269,lam_1_c_04:,37.72115755081177,55,safe,-0.2665984034538269,lam_1_c_06:,37.39295816421509,55,safe,-0.2665984034538269,lam_1_c_08:,37.14817118644714,55,safe,-0.2665984034538269
73,0.0313725490196078,Baseline:,2.862300634384156,3,advExample,-1.4282687902450562,lam_0_c_0:,2.840584516525269,3,advExample,-1.4282687902450562,lam_0_c_02:,2.9153921604156494,3,advExample,-1.4282687902450562,lam_0_c_1:,2.917267084121704,3,advExample,-1.4282687902450562,lam_05_c_0:,2.9447712898254395,3,advExample,-1.4282687902450562,lam_05_c_02:,2.892586231231689,3,advExample,-1.4282687902450562,lam_05_c_1:,2.9033315181732178,3,advExample,-1.4282687902450562,lam_1_c_0:,2.894918441772461,3,advExample,-1.4282687902450562,lam_1_c_02:,2.897752285003662,3,advExample,-1.4282687902450562,lam_1_c_1:,2.872289657592773,3,advExample,-1.4282687902450562,lam_0_c_04:,2.929659843444824,3,advExample,-1.4282687902450562,lam_0_c_06:,2.991117477416992,3,advExample,-1.4282687902450562,lam_0_c_08:,2.9977970123291016,3,advExample,-1.4282687902450562,lam_05_c_04:,2.997340679168701,3,advExample,-1.4282687902450562,lam_05_c_06:,3.000051975250244,3,advExample,-1.4282687902450562,lam_05_c_08:,2.988083600997925,3,advExample,-1.4282687902450562,lam_1_c_04:,2.9734160900115967,3,advExample,-1.4282687902450562,lam_1_c_06:,2.942394256591797,3,advExample,-1.4282687902450562,lam_1_c_08:,2.8933026790618896,3,advExample,-1.4282687902450562
74,0.0235294117647058,Baseline:,131.8254508972168,245,safe,0.0207909643650054,lam_0_c_0:,204.0933260917664,245,safe,-0.5201602578163147,lam_0_c_02:,205.11586809158325,245,safe,-0.5201602578163147,lam_0_c_1:,204.7917897701264,245,safe,-0.5201602578163147,lam_05_c_0:,205.5262849330902,245,safe,-0.5201602578163147,lam_05_c_02:,205.0656123161316,245,safe,-0.5201602578163147,lam_05_c_1:,204.3748247623444,245,safe,-0.5201602578163147,lam_1_c_0:,204.6442391872406,245,safe,-0.5201602578163147,lam_1_c_02:,204.20911622047424,245,safe,-0.5201602578163147,lam_1_c_1:,204.431147813797,245,safe,-0.5201602578163147,lam_0_c_04:,201.3611376285553,245,safe,-0.5201602578163147,lam_0_c_06:,201.81081104278564,245,safe,-0.5201602578163147,lam_0_c_08:,201.77124428749084,245,safe,-0.5201602578163147,lam_05_c_04:,201.1903772354126,245,safe,-0.5201602578163147,lam_05_c_06:,201.65851259231567,245,safe,-0.5201602578163147,lam_05_c_08:,197.43838095664967,245,safe,-0.5201602578163147,lam_1_c_04:,203.9748892784119,245,safe,-0.5201602578163147,lam_1_c_06:,199.77614331245425,245,safe,-0.5201602578163147,lam_1_c_08:,200.527724981308,245,safe,-0.5201602578163147
88,0.0431372549019607,Baseline:,104.94782638549805,183,advExample,-0.286575973033905,lam_0_c_0:,85.04955768585205,77,advExample,-0.4610493779182434,lam_0_c_02:,120.180166721344,109,advExample,-0.4610493779182434,lam_0_c_1:,134.817143201828,117,advExample,-0.4610493779182434,lam_05_c_0:,1001.5293235778807,1133,unknown,-0.4610493779182434,lam_05_c_02:,1000.616116285324,1137,unknown,-0.4610493779182434,lam_05_c_1:,993.2715315818788,1157,advExample,-0.4610493779182434,lam_1_c_0:,1001.1321964263916,1191,unknown,-0.4610493779182434,lam_1_c_02:,1001.5823278427124,1191,unknown,-0.4610493779182434,lam_1_c_1:,1000.2845335006714,1191,unknown,-0.4610493779182434,lam_0_c_04:,126.9093062877655,113,advExample,-0.4610493779182434,lam_0_c_06:,131.07944631576538,115,advExample,-0.4610493779182434,lam_0_c_08:,132.0773627758026,115,advExample,-0.4610493779182434,lam_05_c_04:,1002.711803674698,1149,unknown,-0.4610493779182434,lam_05_c_06:,1001.5503408908844,1143,unknown,-0.4610493779182434,lam_05_c_08:,1000.5915632247924,1179,unknown,-0.4610493779182434,lam_1_c_04:,1002.3692882061004,1211,unknown,-0.4610493779182434,lam_1_c_06:,1001.6385848522186,1207,unknown,-0.4610493779182434,lam_1_c_08:,1001.5557770729064,1211,unknown,-0.4610493779182434
89,0.0352941176470588,Baseline:,3.953437805175781,5,advExample,-0.99440336227417,lam_0_c_0:,4.453087329864502,5,advExample,-1.1489582061767578,lam_0_c_02:,4.486635208129883,5,advExample,-1.1489582061767578,lam_0_c_1:,4.488959550857544,5,advExample,-1.1489582061767578,lam_05_c_0:,4.484138488769531,5,advExample,-1.1489582061767578,lam_05_c_02:,4.47507381439209,5,advExample,-1.1489582061767578,lam_05_c_1:,4.5339555740356445,5,advExample,-1.1489582061767578,lam_1_c_0:,4.499093055725098,5,advExample,-1.1489582061767578,lam_1_c_02:,4.478684186935425,5,advExample,-1.1489582061767578,lam_1_c_1:,4.483045816421509,5,advExample,-1.1489582061767578,lam_0_c_04:,4.58448338508606,5,advExample,-1.1489582061767578,lam_0_c_06:,4.437911033630371,5,advExample,-1.1489582061767578,lam_0_c_08:,4.528694152832031,5,advExample,-1.1489582061767578,lam_05_c_04:,4.491724967956543,5,advExample,-1.1489582061767578,lam_05_c_06:,4.520796775817871,5,advExample,-1.1489582061767578,lam_05_c_08:,4.512364625930786,5,advExample,-1.1489582061767578,lam_1_c_04:,4.594156742095947,5,advExample,-1.1489582061767578,lam_1_c_06:,4.574978828430176,5,advExample,-1.1489582061767578,lam_1_c_08:,4.61169958114624,5,advExample,-1.1489582061767578
90,0.0352941176470588,Baseline:,25.79447364807129,109,safe,0.0129198832437396,lam_0_c_0:,32.84226322174072,109,safe,-0.3974583148956299,lam_0_c_02:,32.870861768722534,109,safe,-0.3974583148956299,lam_0_c_1:,32.886717319488525,109,safe,-0.3974583148956299,lam_05_c_0:,32.80128049850464,109,safe,-0.3974583148956299,lam_05_c_02:,32.792338848114014,109,safe,-0.3974583148956299,lam_05_c_1:,32.7154598236084,109,safe,-0.3974583148956299,lam_1_c_0:,32.64859580993652,109,safe,-0.3974583148956299,lam_1_c_02:,32.67614269256592,109,safe,-0.3974583148956299,lam_1_c_1:,32.612773180007935,109,safe,-0.3974583148956299,lam_0_c_04:,31.720284461975098,109,safe,-0.3974583148956299,lam_0_c_06:,32.557708740234375,109,safe,-0.3974583148956299,lam_0_c_08:,31.485499382019043,109,safe,-0.3974583148956299,lam_05_c_04:,31.96658706665039,109,safe,-0.3974583148956299,lam_05_c_06:,31.55142378807068,109,safe,-0.3974583148956299,lam_05_c_08:,32.06212854385376,109,safe,-0.3974583148956299,lam_1_c_04:,31.639869213104248,109,safe,-0.3974583148956299,lam_1_c_06:,31.98178553581237,109,safe,-0.3974583148956299,lam_1_c_08:,31.56983327865601,109,safe,-0.3974583148956299
92,0.0156862745098039,Baseline:,1.737717628479004,2,advExample,,lam_0_c_0:,1.115713357925415,2,advExample,,lam_0_c_02:,1.077934503555298,2,advExample,,lam_0_c_1:,1.077660083770752,2,advExample,,lam_05_c_0:,1.0903334617614746,2,advExample,,lam_05_c_02:,1.092989444732666,2,advExample,,lam_05_c_1:,1.075437307357788,2,advExample,,lam_1_c_0:,1.0825295448303225,2,advExample,,lam_1_c_02:,1.100151777267456,2,advExample,,lam_1_c_1:,1.0908746719360352,2,advExample,,lam_0_c_04:,1.1086149215698242,2,advExample,,lam_0_c_06:,1.1178767681121826,2,advExample,,lam_0_c_08:,1.1118056774139404,2,advExample,,lam_05_c_04:,1.1170122623443604,2,advExample,,lam_05_c_06:,1.1151890754699707,2,advExample,,lam_05_c_08:,1.113548994064331,2,advExample,,lam_1_c_04:,1.1129975318908691,2,advExample,,lam_1_c_06:,1.1102874279022217,2,advExample,,lam_1_c_08:,1.1101176738739014,2,advExample,
93,0.0156862745098039,Baseline:,90.04236125946045,447,safe,0.0002827730204444,lam_0_c_0:,108.26185059547424,447,safe,-0.1586075723171234,lam_0_c_02:,108.208997964859,447,safe,-0.1586075723171234,lam_0_c_1:,108.19504022598268,447,safe,-0.1586075723171234,lam_05_c_0:,107.99168515205383,447,safe,-0.1586075723171234,lam_05_c_02:,107.78061509132384,447,safe,-0.1586075723171234,lam_05_c_1:,107.77132201194765,447,safe,-0.1586075723171234,lam_1_c_0:,107.64718747138976,447,safe,-0.1586075723171234,lam_1_c_02:,108.05155730247498,447,safe,-0.1586075723171234,lam_1_c_1:,107.67487621307372,447,safe,-0.1586075723171234,lam_0_c_04:,106.14150190353394,447,safe,-0.1586075723171234,lam_0_c_06:,106.24545526504517,447,safe,-0.1586075723171234,lam_0_c_08:,106.44934749603271,447,safe,-0.1586075723171234,lam_05_c_04:,105.62524795532228,447,safe,-0.1586075723171234,lam_05_c_06:,105.75089240074158,447,safe,-0.1586075723171234,lam_05_c_08:,106.84813666343688,447,safe,-0.1586075723171234,lam_1_c_04:,105.8546850681305,447,safe,-0.1586075723171234,lam_1_c_06:,105.9957718849182,447,safe,-0.1586075723171234,lam_1_c_08:,105.17814421653748,447,safe,-0.1586075723171234
0,0.0313725490196078,Baseline:,5.024883508682251,3,safe,0.016775568947196,lam_0_c_0:,3.743254184722901,3,safe,0.016775568947196,lam_0_c_02:,3.7522575855255127,3,safe,0.016775568947196,lam_0_c_1:,3.842765092849731,3,safe,0.016775568947196,lam_05_c_0:,3.774444580078125,3,safe,0.016775568947196,lam_05_c_02:,3.770538568496704,3,safe,0.016775568947196,lam_05_c_1:,3.89621376991272,3,safe,0.016775568947196,lam_1_c_0:,3.7716493606567374,3,safe,0.016775568947196,lam_1_c_02:,3.752413272857666,3,safe,0.016775568947196,lam_1_c_1:,3.739458084106445,3,safe,0.016775568947196,lam_0_c_04:,3.731309652328491,3,safe,0.016775568947196,lam_0_c_06:,3.720669984817505,3,safe,0.016775568947196,lam_0_c_08:,3.718473672866821,3,safe,0.016775568947196,lam_05_c_04:,3.70257830619812,3,safe,0.016775568947196,lam_05_c_06:,3.772137880325317,3,safe,0.016775568947196,lam_05_c_08:,3.7121405601501465,3,safe,0.016775568947196,lam_1_c_04:,3.729658126831055,3,safe,0.016775568947196,lam_1_c_06:,3.699368476867676,3,safe,0.016775568947196,lam_1_c_08:,3.7220401763916016,3,safe,0.016775568947196
2,0.0549019607843137,Baseline:,1001.326282978058,154,unknown,-551.6620483398438,lam_0_c_0:,1016.1469249725342,81,unknown,-608.465087890625,lam_0_c_02:,1002.4540283679962,81,unknown,-608.465087890625,lam_0_c_1:,1003.7524771690368,81,unknown,-608.465087890625,lam_05_c_0:,1002.2516181468964,81,unknown,-608.465087890625,lam_05_c_02:,1005.4499752521516,81,unknown,-608.465087890625,lam_05_c_1:,1001.1363215446472,81,unknown,-608.465087890625,lam_1_c_0:,1002.763162612915,81,unknown,-608.465087890625,lam_1_c_02:,1000.5162150859832,81,unknown,-608.465087890625,lam_1_c_1:,1007.726460456848,81,unknown,-608.465087890625,lam_0_c_04:,1001.400677204132,81,unknown,-608.465087890625,lam_0_c_06:,1020.9308445453644,83,unknown,-608.465087890625,lam_0_c_08:,1000.9535422325134,81,unknown,-608.465087890625,lam_05_c_04:,1005.1585178375244,81,unknown,-608.465087890625,lam_05_c_06:,1004.4300112724304,81,unknown,-608.465087890625,lam_05_c_08:,1018.0987496376038,83,unknown,-608.465087890625,lam_1_c_04:,1020.8585059642792,87,unknown,-608.465087890625,lam_1_c_06:,1001.2689418792723,81,unknown,-608.465087890625,lam_1_c_08:,1021.9516959190368,83,unknown,-608.465087890625
6,0.0274509803921568,Baseline:,27.42000198364257,25,safe,0.0014311400009319,lam_0_c_0:,37.25090527534485,25,safe,-0.5394970178604126,lam_0_c_02:,37.32798385620117,25,safe,-0.5394970178604126,lam_0_c_1:,37.16876268386841,25,safe,-0.5394970178604126,lam_05_c_0:,36.83617806434631,25,safe,-0.5394970178604126,lam_05_c_02:,36.97755193710327,25,safe,-0.5394970178604126,lam_05_c_1:,37.16936540603638,25,safe,-0.5394970178604126,lam_1_c_0:,36.883471727371216,25,safe,-0.5394970178604126,lam_1_c_02:,37.1709566116333,25,safe,-0.5394970178604126,lam_1_c_1:,37.29492998123169,25,safe,-0.5394970178604126,lam_0_c_04:,36.473849296569824,25,safe,-0.5394970178604126,lam_0_c_06:,36.555673360824585,25,safe,-0.5394970178604126,lam_0_c_08:,36.73050498962402,25,safe,-0.5394970178604126,lam_05_c_04:,36.62924599647522,25,safe,-0.5394970178604126,lam_05_c_06:,36.3725266456604,25,safe,-0.5394970178604126,lam_05_c_08:,36.30945777893066,25,safe,-0.5394970178604126,lam_1_c_04:,36.51274538040161,25,safe,-0.5394970178604126,lam_1_c_06:,36.426687240600586,25,safe,-0.5394970178604126,lam_1_c_08:,36.492594480514526,25,safe,-0.5394970178604126
18,0.0392156862745098,Baseline:,9.263640880584717,2,advExample,,lam_0_c_0:,6.02901029586792,2,advExample,,lam_0_c_02:,6.024555921554565,2,advExample,,lam_0_c_1:,6.029886722564697,2,advExample,,lam_05_c_0:,6.106081962585449,2,advExample,,lam_05_c_02:,6.007765769958496,2,advExample,,lam_05_c_1:,6.081474781036377,2,advExample,,lam_1_c_0:,6.091265678405762,2,advExample,,lam_1_c_02:,6.071770668029785,2,advExample,,lam_1_c_1:,6.105445146560669,2,advExample,,lam_0_c_04:,6.080448865890503,2,advExample,,lam_0_c_06:,6.085072040557861,2,advExample,,lam_0_c_08:,6.061133861541748,2,advExample,,lam_05_c_04:,6.073271989822388,2,advExample,,lam_05_c_06:,6.103177070617676,2,advExample,,lam_05_c_08:,6.065490961074829,2,advExample,,lam_1_c_04:,6.062460899353027,2,advExample,,lam_1_c_06:,6.075698852539063,2,advExample,,lam_1_c_08:,6.178340196609497,2,advExample,
26,0.0588235294117647,Baseline:,16.595447063446045,2,advExample,,lam_0_c_0:,10.05915594100952,2,advExample,,lam_0_c_02:,10.064159154891968,2,advExample,,lam_0_c_1:,10.052798748016356,2,advExample,,lam_05_c_0:,10.06046199798584,2,advExample,,lam_05_c_02:,10.08078384399414,2,advExample,,lam_05_c_1:,10.118072032928469,2,advExample,,lam_1_c_0:,9.998843431472778,2,advExample,,lam_1_c_02:,9.981685161590576,2,advExample,,lam_1_c_1:,9.996129751205444,2,advExample,,lam_0_c_04:,10.026623725891112,2,advExample,,lam_0_c_06:,10.019839525222778,2,advExample,,lam_0_c_08:,10.014153003692629,2,advExample,,lam_05_c_04:,10.017194271087646,2,advExample,,lam_05_c_06:,10.003008127212524,2,advExample,,lam_05_c_08:,10.001287937164308,2,advExample,,lam_1_c_04:,9.96941900253296,2,advExample,,lam_1_c_06:,9.919845819473268,2,advExample,,lam_1_c_08:,9.87787652015686,2,advExample,
34,0.0431372549019607,Baseline:,1000.7987928390504,491,unknown,-12.660444259643556,lam_0_c_0:,1009.2137033939362,233,unknown,-14.67070484161377,lam_0_c_02:,1003.5053524971008,269,unknown,-14.67070484161377,lam_0_c_1:,1001.6010251045228,285,unknown,-14.67070484161377,lam_05_c_0:,1002.4265911579132,259,unknown,-14.67070484161377,lam_05_c_02:,1004.3437616825104,259,unknown,-14.67070484161377,lam_05_c_1:,1007.8821544647216,347,unknown,-14.67070484161377,lam_1_c_0:,1004.2199823856354,441,unknown,-14.67070484161377,lam_1_c_02:,1002.095211982727,435,unknown,-14.67070484161377,lam_1_c_1:,1002.1411249637604,339,unknown,-14.67070484161377,lam_0_c_04:,1004.651255607605,281,unknown,-14.67070484161377,lam_0_c_06:,1002.2034909725188,283,unknown,-14.67070484161377,lam_0_c_08:,1006.0153737068176,285,unknown,-14.67070484161377,lam_05_c_04:,1004.0337302684784,345,unknown,-14.67070484161377,lam_05_c_06:,1004.3385062217712,337,unknown,-14.67070484161377,lam_05_c_08:,1009.3602454662324,347,unknown,-14.67070484161377,lam_1_c_04:,1001.5408225059508,431,unknown,-14.67070484161377,lam_1_c_06:,1003.9988880157472,349,unknown,-14.67070484161377,lam_1_c_08:,1003.1097695827484,347,unknown,-14.67070484161377
37,0.0509803921568627,Baseline:,29.828633546829224,5,advExample,-347.05694580078125,lam_0_c_0:,52.89882373809815,7,advExample,-362.6729736328125,lam_0_c_02:,52.49509811401367,7,advExample,-362.6729736328125,lam_0_c_1:,52.7785382270813,7,advExample,-362.6729736328125,lam_05_c_0:,1014.1096587181092,117,unknown,-362.6729736328125,lam_05_c_02:,52.79458475112915,7,advExample,-362.6729736328125,lam_05_c_1:,52.78231358528137,7,advExample,-362.6729736328125,lam_1_c_0:,212.33868193626404,25,advExample,-362.6729736328125,lam_1_c_02:,210.2197859287262,25,advExample,-362.6729736328125,lam_1_c_1:,52.69793438911438,7,advExample,-362.6729736328125,lam_0_c_04:,52.66703820228577,7,advExample,-362.6729736328125,lam_0_c_06:,53.23338270187378,7,advExample,-362.6729736328125,lam_0_c_08:,52.78537154197693,7,advExample,-362.6729736328125,lam_05_c_04:,52.12143683433533,7,advExample,-362.6729736328125,lam_05_c_06:,52.83955526351929,7,advExample,-362.6729736328125,lam_05_c_08:,52.545520305633545,7,advExample,-362.6729736328125,lam_1_c_04:,52.60833716392517,7,advExample,-362.6729736328125,lam_1_c_06:,52.74140310287476,7,advExample,-362.6729736328125,lam_1_c_08:,52.70206880569458,7,advExample,-362.6729736328125
44,0.0627450980392156,Baseline:,18.24426960945129,3,advExample,-506.0157165527344,lam_0_c_0:,17.200698852539062,3,advExample,-506.0157165527344,lam_0_c_02:,17.218700647354126,3,advExample,-506.0157165527344,lam_0_c_1:,17.14079236984253,3,advExample,-506.0157165527344,lam_05_c_0:,17.101157665252686,3,advExample,-506.0157165527344,lam_05_c_02:,16.928430795669556,3,advExample,-506.0157165527344,lam_05_c_1:,17.00807237625122,3,advExample,-506.0157165527344,lam_1_c_0:,17.04017686843872,3,advExample,-506.0157165527344,lam_1_c_02:,17.019842386245728,3,advExample,-506.0157165527344,lam_1_c_1:,16.990379571914673,3,advExample,-506.0157165527344,lam_0_c_04:,17.180866956710815,3,advExample,-506.0157165527344,lam_0_c_06:,17.06897497177124,3,advExample,-506.0157165527344,lam_0_c_08:,17.140541076660156,3,advExample,-506.0157165527344,lam_05_c_04:,17.161471605300903,3,advExample,-506.0157165527344,lam_05_c_06:,17.087757349014282,3,advExample,-506.0157165527344,lam_05_c_08:,16.9624125957489,3,advExample,-506.0157165527344,lam_1_c_04:,16.907129287719727,3,advExample,-506.0157165527344,lam_1_c_06:,16.762756824493408,3,advExample,-506.0157165527344,lam_1_c_08:,16.860308408737183,3,advExample,-506.0157165527344
45,0.0235294117647058,Baseline:,134.9069218635559,133,safe,0.0205194931477308,lam_0_c_0:,206.39124727249143,133,safe,-0.4573352038860321,lam_0_c_02:,204.35518097877505,133,safe,-0.4573352038860321,lam_0_c_1:,205.8625810146332,133,safe,-0.4573352038860321,lam_05_c_0:,204.31927609443665,133,safe,-0.4573352038860321,lam_05_c_02:,202.19665575027463,133,safe,-0.4573352038860321,lam_05_c_1:,202.25746655464167,133,safe,-0.4573352038860321,lam_1_c_0:,202.4055533409119,133,safe,-0.4573352038860321,lam_1_c_02:,202.58722472190857,133,safe,-0.4573352038860321,lam_1_c_1:,201.8302001953125,133,safe,-0.4573352038860321,lam_0_c_04:,202.05846738815308,133,safe,-0.4573352038860321,lam_0_c_06:,202.72274017333984,133,safe,-0.4573352038860321,lam_0_c_08:,202.7609181404113,133,safe,-0.4573352038860321,lam_05_c_04:,202.6038031578064,133,safe,-0.4573352038860321,lam_05_c_06:,202.29967212677,133,safe,-0.4573352038860321,lam_05_c_08:,205.7158393859864,133,safe,-0.4573352038860321,lam_1_c_04:,203.4690408706665,133,safe,-0.4573352038860321,lam_1_c_06:,200.71331214904785,133,safe,-0.4573352038860321,lam_1_c_08:,202.12153339385983,133,safe,-0.4573352038860321
65,0.0156862745098039,Baseline:,158.8095211982727,120,advExample,,lam_0_c_0:,274.1238021850586,112,advExample,-9.85696506500244,lam_0_c_02:,292.76101565361023,124,advExample,-9.85696506500244,lam_0_c_1:,278.81547927856445,122,advExample,-9.85696506500244,lam_05_c_0:,103.85201406478882,45,advExample,-9.85696506500244,lam_05_c_02:,148.333420753479,67,advExample,-9.85696506500244,lam_05_c_1:,1000.725687265396,595,unknown,-9.85696506500244,lam_1_c_0:,1000.4603276252748,677,unknown,-9.85696506500244,lam_1_c_02:,1000.5721261501312,685,unknown,-9.85696506500244,lam_1_c_1:,205.9281799793244,101,advExample,-9.85696506500244,lam_0_c_04:,278.0043334960937,120,advExample,-9.85696506500244,lam_0_c_06:,284.542573928833,122,advExample,-9.85696506500244,lam_0_c_08:,279.20581007003784,122,advExample,-9.85696506500244,lam_05_c_04:,1003.208667755127,607,unknown,-9.85696506500244,lam_05_c_06:,223.09676861763,111,advExample,-9.85696506500244,lam_05_c_08:,1003.2910075187684,597,unknown,-9.85696506500244,lam_1_c_04:,1001.0967881679536,673,unknown,-9.85696506500244,lam_1_c_06:,772.0066738128662,459,advExample,-9.85696506500244,lam_1_c_08:,770.6420383453369,459,advExample,-9.85696506500244
65,0.0196078431372549,Baseline:,57.92429804801941,29,advExample,-18.464332580566406,lam_0_c_0:,72.20061254501343,17,advExample,-19.150577545166016,lam_0_c_02:,94.81993412971497,25,advExample,-19.150577545166016,lam_0_c_1:,111.68471789360046,33,advExample,-19.150577545166016,lam_05_c_0:,58.871288537979126,14,advExample,-19.150577545166016,lam_05_c_02:,90.56736874580383,22,advExample,-19.150577545166016,lam_05_c_1:,1003.5565242767334,451,unknown,-19.150577545166016,lam_1_c_0:,1002.616014957428,481,unknown,-19.150577545166016,lam_1_c_02:,1003.7117428779602,483,unknown,-19.150577545166016,lam_1_c_1:,1004.4155077934264,477,unknown,-19.150577545166016,lam_0_c_04:,102.48281717300416,29,advExample,-19.150577545166016,lam_0_c_06:,106.58014965057372,31,advExample,-19.150577545166016,lam_0_c_08:,107.3514654636383,31,advExample,-19.150577545166016,lam_05_c_04:,1004.5780951976776,279,unknown,-19.150577545166016,lam_05_c_06:,111.152898311615,31,advExample,-19.150577545166016,lam_05_c_08:,1003.386199951172,457,unknown,-19.150577545166016,lam_1_c_04:,1000.746589422226,481,unknown,-19.150577545166016,lam_1_c_06:,1002.4330666065216,469,unknown,-19.150577545166016,lam_1_c_08:,1001.7043013572692,471,unknown,-19.150577545166016
65,0.0392156862745098,Baseline:,1005.2079167366028,220,unknown,-268.1874084472656,lam_0_c_0:,1014.76629281044,115,unknown,-287.9921264648437,lam_0_c_02:,1018.5792717933656,115,unknown,-287.9921264648437,lam_0_c_1:,1014.8247120380402,115,unknown,-287.9921264648437,lam_05_c_0:,297.3271329402924,35,advExample,-287.9921264648437,lam_05_c_02:,285.820041179657,33,advExample,-287.9921264648437,lam_05_c_1:,1005.2523183822632,115,unknown,-287.9921264648437,lam_1_c_0:,1002.455190896988,105,unknown,-287.9921264648437,lam_1_c_02:,1020.69447183609,107,unknown,-287.9921264648437,lam_1_c_1:,1011.789356470108,117,unknown,-287.9921264648437,lam_0_c_04:,1015.2716653347017,115,unknown,-287.9921264648437,lam_0_c_06:,1013.9326853752136,115,unknown,-287.9921264648437,lam_0_c_08:,1009.0843844413756,115,unknown,-287.9921264648437,lam_05_c_04:,1010.124936580658,115,unknown,-287.9921264648437,lam_05_c_06:,1009.602486371994,115,unknown,-287.9921264648437,lam_05_c_08:,1006.4624662399292,115,unknown,-287.9921264648437,lam_1_c_04:,1006.9530844688416,115,unknown,-287.9921264648437,lam_1_c_06:,1013.927451133728,119,unknown,-287.9921264648437,lam_1_c_08:,1013.5074515342712,119,unknown,-287.9921264648437
73,0.0509803921568627,Baseline:,79.03221559524536,21,advExample,-128.25448608398438,lam_0_c_0:,190.84458136558533,29,advExample,-134.7792205810547,lam_0_c_02:,190.76849246025083,29,advExample,-134.7792205810547,lam_0_c_1:,191.6247055530548,29,advExample,-134.7792205810547,lam_05_c_0:,1005.309327840805,179,unknown,-134.7792205810547,lam_05_c_02:,1009.902099609375,175,unknown,-134.7792205810547,lam_05_c_1:,191.0364053249359,29,advExample,-134.7792205810547,lam_1_c_0:,1006.716697216034,133,unknown,-134.7792205810547,lam_1_c_02:,1005.1432683467864,135,unknown,-134.7792205810547,lam_1_c_1:,188.0903446674347,29,advExample,-134.7792205810547,lam_0_c_04:,191.6067669391632,29,advExample,-134.7792205810547,lam_0_c_06:,189.5520119667053,29,advExample,-134.7792205810547,lam_0_c_08:,188.7187831401825,29,advExample,-134.7792205810547,lam_05_c_04:,150.46947073936462,23,advExample,-134.7792205810547,lam_05_c_06:,189.4209108352661,29,advExample,-134.7792205810547,lam_05_c_08:,186.65781164169312,29,advExample,-134.7792205810547,lam_1_c_04:,1001.9921650886536,149,unknown,-134.7792205810547,lam_1_c_06:,1008.6865096092224,157,unknown,-134.7792205810547,lam_1_c_08:,1005.9704456329346,155,unknown,-134.7792205810547
74,0.0509803921568627,Baseline:,26.93571853637696,4,advExample,,lam_0_c_0:,46.8938422203064,6,advExample,-334.1797790527344,lam_0_c_02:,46.011889696121216,6,advExample,-334.1797790527344,lam_0_c_1:,46.11159110069275,6,advExample,-334.1797790527344,lam_05_c_0:,1009.2402453422546,123,unknown,-334.1797790527344,lam_05_c_02:,46.9850058555603,6,advExample,-334.1797790527344,lam_05_c_1:,47.06734919548035,6,advExample,-334.1797790527344,lam_1_c_0:,496.2365975379944,59,advExample,-334.1797790527344,lam_1_c_02:,497.1109580993652,59,advExample,-334.1797790527344,lam_1_c_1:,46.81555843353272,6,advExample,-334.1797790527344,lam_0_c_04:,46.29103994369507,6,advExample,-334.1797790527344,lam_0_c_06:,46.09078669548035,6,advExample,-334.1797790527344,lam_0_c_08:,46.34025812149048,6,advExample,-334.1797790527344,lam_05_c_04:,46.4076886177063,6,advExample,-334.1797790527344,lam_05_c_06:,46.25292563438416,6,advExample,-334.1797790527344,lam_05_c_08:,46.44499635696411,6,advExample,-334.1797790527344,lam_1_c_04:,46.345112323760986,6,advExample,-334.1797790527344,lam_1_c_06:,46.01412296295166,6,advExample,-334.1797790527344,lam_1_c_08:,46.15078067779541,6,advExample,-334.1797790527344
77,0.0588235294117647,Baseline:,1003.4991245269777,208,unknown,-384.83740234375,lam_0_c_0:,1003.2919890880584,109,unknown,-406.53466796875,lam_0_c_02:,1006.4065706729888,107,unknown,-406.53466796875,lam_0_c_1:,1009.8867003917694,107,unknown,-406.53466796875,lam_05_c_0:,1004.9764182567596,107,unknown,-406.53466796875,lam_05_c_02:,1006.3166625499724,107,unknown,-406.53466796875,lam_05_c_1:,1017.5798149108888,109,unknown,-406.53466796875,lam_1_c_0:,1000.7206540107728,101,unknown,-406.53466796875,lam_1_c_02:,1022.7276341915132,103,unknown,-406.53466796875,lam_1_c_1:,1011.2549028396606,109,unknown,-406.53466796875,lam_0_c_04:,1006.0732514858246,107,unknown,-406.53466796875,lam_0_c_06:,1001.2638528347017,107,unknown,-406.53466796875,lam_0_c_08:,1003.3453233242036,107,unknown,-406.53466796875,lam_05_c_04:,1007.8460443019868,107,unknown,-406.53466796875,lam_05_c_06:,1012.7474672794342,107,unknown,-406.53466796875,lam_05_c_08:,1010.499472141266,107,unknown,-406.53466796875,lam_1_c_04:,1009.586697101593,107,unknown,-406.53466796875,lam_1_c_06:,1014.9903607368468,109,unknown,-406.53466796875,lam_1_c_08:,1009.9837112426758,109,unknown,-406.53466796875
78,0.0431372549019607,Baseline:,58.81778645515442,10,advExample,-190.3803558349609,lam_0_c_0:,113.0688934326172,12,advExample,-196.34548950195312,lam_0_c_02:,112.65513134002686,12,advExample,-196.34548950195312,lam_0_c_1:,112.62398362159728,12,advExample,-196.34548950195312,lam_05_c_0:,1002.2500321865082,135,unknown,-196.34548950195312,lam_05_c_02:,93.78754210472108,10,advExample,-196.34548950195312,lam_05_c_1:,112.63582921028136,12,advExample,-196.34548950195312,lam_1_c_0:,1015.3735013008118,115,unknown,-196.34548950195312,lam_1_c_02:,1016.6926617622375,115,unknown,-196.34548950195312,lam_1_c_1:,95.56440806388856,10,advExample,-196.34548950195312,lam_0_c_04:,112.6219265460968,12,advExample,-196.34548950195312,lam_0_c_06:,112.24068236351012,12,advExample,-196.34548950195312,lam_0_c_08:,112.74683141708374,12,advExample,-196.34548950195312,lam_05_c_04:,93.2110002040863,10,advExample,-196.34548950195312,lam_05_c_06:,113.59586095809937,12,advExample,-196.34548950195312,lam_05_c_08:,113.66333746910097,12,advExample,-196.34548950195312,lam_1_c_04:,754.3959424495697,91,advExample,-196.34548950195312,lam_1_c_06:,114.31463861465454,12,advExample,-196.34548950195312,lam_1_c_08:,114.9627332687378,12,advExample,-196.34548950195312
81,0.0392156862745098,Baseline:,1001.703962802887,268,unknown,-50.16106796264648,lam_0_c_0:,1010.7710571289062,139,unknown,-52.65395736694336,lam_0_c_02:,1010.706170797348,139,unknown,-52.65395736694336,lam_0_c_1:,1010.130125761032,139,unknown,-52.65395736694336,lam_05_c_0:,1006.1534521579742,163,unknown,-52.65395736694336,lam_05_c_02:,1008.4652361869812,151,unknown,-52.65395736694336,lam_05_c_1:,1001.0751578807832,137,unknown,-52.65395736694336,lam_1_c_0:,1003.1964015960692,219,unknown,-52.65395736694336,lam_1_c_02:,1004.3309214115144,221,unknown,-52.65395736694336,lam_1_c_1:,1012.862741947174,161,unknown,-52.65395736694336,lam_0_c_04:,1006.6019415855408,139,unknown,-52.65395736694336,lam_0_c_06:,1002.2494740486144,139,unknown,-52.65395736694336,lam_0_c_08:,1003.6814341545104,139,unknown,-52.65395736694336,lam_05_c_04:,1008.8141276836396,145,unknown,-52.65395736694336,lam_05_c_06:,1002.390971660614,139,unknown,-52.65395736694336,lam_05_c_08:,1007.9250206947328,139,unknown,-52.65395736694336,lam_1_c_04:,1001.2575645446776,203,unknown,-52.65395736694336,lam_1_c_06:,1002.8306856155396,181,unknown,-52.65395736694336,lam_1_c_08:,1000.6945612430573,179,unknown,-52.65395736694336
87,0.0274509803921568,Baseline:,2.6201393604278564,3,safe,0.0106872515752911,lam_0_c_0:,2.160086870193481,3,safe,0.0106872515752911,lam_0_c_02:,2.2428858280181885,3,safe,0.0106872515752911,lam_0_c_1:,2.1581921577453613,3,safe,0.0106872515752911,lam_05_c_0:,2.159428358078003,3,safe,0.0106872515752911,lam_05_c_02:,2.1652841567993164,3,safe,0.0106872515752911,lam_05_c_1:,2.1657907962799072,3,safe,0.0106872515752911,lam_1_c_0:,2.15045428276062,3,safe,0.0106872515752911,lam_1_c_02:,2.148850440979004,3,safe,0.0106872515752911,lam_1_c_1:,2.148500680923462,3,safe,0.0106872515752911,lam_0_c_04:,2.156630754470825,3,safe,0.0106872515752911,lam_0_c_06:,2.253187894821167,3,safe,0.0106872515752911,lam_0_c_08:,2.165220022201538,3,safe,0.0106872515752911,lam_05_c_04:,2.160858154296875,3,safe,0.0106872515752911,lam_05_c_06:,2.161581754684448,3,safe,0.0106872515752911,lam_05_c_08:,2.155403852462769,3,safe,0.0106872515752911,lam_1_c_04:,2.1558916568756104,3,safe,0.0106872515752911,lam_1_c_06:,2.1411263942718506,3,safe,0.0106872515752911,lam_1_c_08:,2.135679244995117,3,safe,0.0106872515752911
91,0.0352941176470588,Baseline:,771.6190967559814,737,safe,0.0126226134598255,lam_0_c_0:,1002.5314576625824,595,unknown,-0.556850254535675,lam_0_c_02:,1002.8568587303162,591,unknown,-0.556850254535675,lam_0_c_1:,1001.7945744991302,593,unknown,-0.556850254535675,lam_05_c_0:,1001.0629653930664,605,unknown,-0.556850254535675,lam_05_c_02:,1001.913810491562,605,unknown,-0.556850254535675,lam_05_c_1:,1001.102267742157,601,unknown,-0.556850254535675,lam_1_c_0:,1000.7956540584564,605,unknown,-0.556850254535675,lam_1_c_02:,1001.611802816391,609,unknown,-0.556850254535675,lam_1_c_1:,1002.0362968444824,597,unknown,-0.556850254535675,lam_0_c_04:,1001.9288671016692,597,unknown,-0.556850254535675,lam_0_c_06:,1000.7732055187224,595,unknown,-0.556850254535675,lam_0_c_08:,1001.1076653003691,593,unknown,-0.556850254535675,lam_05_c_04:,1000.6160268783568,603,unknown,-0.556850254535675,lam_05_c_06:,1002.5990927219392,603,unknown,-0.556850254535675,lam_05_c_08:,1000.8163940906524,607,unknown,-0.556850254535675,lam_1_c_04:,1000.4352996349336,605,unknown,-0.556850254535675,lam_1_c_06:,1004.058473587036,609,unknown,-0.556850254535675,lam_1_c_08:,1002.228437423706,605,unknown,-0.556850254535675
96,0.0274509803921568,Baseline:,9.941677808761597,2,advExample,,lam_0_c_0:,5.971937894821167,2,advExample,,lam_0_c_02:,6.098734140396118,2,advExample,,lam_0_c_1:,5.972700357437134,2,advExample,,lam_05_c_0:,6.004261493682861,2,advExample,,lam_05_c_02:,5.969252824783325,2,advExample,,lam_05_c_1:,5.970375299453735,2,advExample,,lam_1_c_0:,5.959117889404297,2,advExample,,lam_1_c_02:,5.950483322143555,2,advExample,,lam_1_c_1:,5.88184380531311,2,advExample,,lam_0_c_04:,5.900954008102417,2,advExample,,lam_0_c_06:,5.970121383666992,2,advExample,,lam_0_c_08:,5.883774757385254,2,advExample,,lam_05_c_04:,5.907328128814697,2,advExample,,lam_05_c_06:,5.912486553192139,2,advExample,,lam_05_c_08:,5.9219348430633545,2,advExample,,lam_1_c_04:,5.911393880844116,2,advExample,,lam_1_c_06:,5.855839729309082,2,advExample,,lam_1_c_08:,5.854078769683838,2,advExample,
2,0.0274509803921568,Baseline:,1003.684761285782,562,unknown,-1.8880215883255005,lam_0_c_0:,1003.398752450943,359,unknown,-2.4382033348083496,lam_0_c_02:,1004.0259747505188,383,unknown,-2.4382033348083496,lam_0_c_1:,1003.0772082805634,369,unknown,-2.4382033348083496,lam_05_c_0:,147.55138111114502,59,advExample,-2.4382033348083496,lam_05_c_02:,152.42702555656433,61,advExample,-2.4382033348083496,lam_05_c_1:,1002.102130651474,397,unknown,-2.4382033348083496,lam_1_c_0:,1006.8843953609468,405,unknown,-2.4382033348083496,lam_1_c_02:,1002.3585424423218,413,unknown,-2.4382033348083496,lam_1_c_1:,1004.690008163452,397,unknown,-2.4382033348083496,lam_0_c_04:,1003.9050018787384,379,unknown,-2.4382033348083496,lam_0_c_06:,1004.321480512619,363,unknown,-2.4382033348083496,lam_0_c_08:,1004.7137446403505,355,unknown,-2.4382033348083496,lam_05_c_04:,365.28953862190247,137,advExample,-2.4382033348083496,lam_05_c_06:,622.1047656536102,231,advExample,-2.4382033348083496,lam_05_c_08:,1003.6192755699158,385,unknown,-2.4382033348083496,lam_1_c_04:,1001.2667622566224,387,unknown,-2.4382033348083496,lam_1_c_06:,1001.7472395896912,385,unknown,-2.4382033348083496,lam_1_c_08:,1005.237706899643,375,unknown,-2.4382033348083496
9,0.0313725490196078,Baseline:,1003.3138298988342,269,unknown,-1.690464973449707,lam_0_c_0:,1007.995016336441,145,unknown,-2.432699918746948,lam_0_c_02:,1006.2693994045258,147,unknown,-2.432699918746948,lam_0_c_1:,1008.3611543178558,149,unknown,-2.432699918746948,lam_05_c_0:,467.1030316352844,75,advExample,-2.432699918746948,lam_05_c_02:,497.4313635826111,79,advExample,-2.432699918746948,lam_05_c_1:,1015.2947325706482,141,unknown,-2.432699918746948,lam_1_c_0:,1001.3145711421968,175,unknown,-2.432699918746948,lam_1_c_02:,1009.312078475952,179,unknown,-2.432699918746948,lam_1_c_1:,1009.7414863109587,159,unknown,-2.432699918746948,lam_0_c_04:,1011.7792491912842,153,unknown,-2.432699918746948,lam_0_c_06:,1007.6463947296144,153,unknown,-2.432699918746948,lam_0_c_08:,1001.989564180374,151,unknown,-2.432699918746948,lam_05_c_04:,991.9661600589752,158,advExample,-2.432699918746948,lam_05_c_06:,1007.2043659687042,163,unknown,-2.432699918746948,lam_05_c_08:,1009.2794280052184,157,unknown,-2.432699918746948,lam_1_c_04:,1009.1857376098632,185,unknown,-2.432699918746948,lam_1_c_06:,1007.576077222824,181,unknown,-2.432699918746948,lam_1_c_08:,1002.0196063518524,173,unknown,-2.432699918746948
11,0.0274509803921568,Baseline:,1001.983582019806,699,unknown,-0.2875014245510101,lam_0_c_0:,1003.0213549137115,465,unknown,-0.9616386890411376,lam_0_c_02:,1002.5198016166688,475,unknown,-0.9616386890411376,lam_0_c_1:,1003.1269187927246,505,unknown,-0.9616386890411376,lam_05_c_0:,333.28084993362427,164,advExample,-0.9616386890411376,lam_05_c_02:,349.8906810283661,170,advExample,-0.9616386890411376,lam_05_c_1:,1004.3917608261108,499,unknown,-0.9616386890411376,lam_1_c_0:,1005.5053639411926,503,unknown,-0.9616386890411376,lam_1_c_02:,1005.796497106552,507,unknown,-0.9616386890411376,lam_1_c_1:,1003.4711763858796,499,unknown,-0.9616386890411376,lam_0_c_04:,1002.682005405426,475,unknown,-0.9616386890411376,lam_0_c_06:,1004.314532995224,481,unknown,-0.9616386890411376,lam_0_c_08:,1003.3298649787904,483,unknown,-0.9616386890411376,lam_05_c_04:,977.5971429347992,462,advExample,-0.9616386890411376,lam_05_c_06:,1003.0981328487396,471,unknown,-0.9616386890411376,lam_05_c_08:,1002.9771540164948,469,unknown,-0.9616386890411376,lam_1_c_04:,1003.2447593212128,467,unknown,-0.9616386890411376,lam_1_c_06:,1006.2828013896942,469,unknown,-0.9616386890411376,lam_1_c_08:,1005.1385006904602,489,unknown,-0.9616386890411376
13,0.0313725490196078,Baseline:,294.1692130565644,219,safe,0.0382817722856998,lam_0_c_0:,361.9898993968964,219,safe,-1.1055995225906372,lam_0_c_02:,363.7407412528992,219,safe,-1.1055995225906372,lam_0_c_1:,361.942750453949,219,safe,-1.1055995225906372,lam_05_c_0:,362.6521236896515,219,safe,-1.1055995225906372,lam_05_c_02:,362.55036520957947,219,safe,-1.1055995225906372,lam_05_c_1:,360.9785227775574,219,safe,-1.1055995225906372,lam_1_c_0:,357.3778131008148,219,safe,-1.1055995225906372,lam_1_c_02:,355.9392964839936,219,safe,-1.1055995225906372,lam_1_c_1:,358.0644443035126,219,safe,-1.1055995225906372,lam_0_c_04:,383.69368958473206,219,safe,-1.1055995225906372,lam_0_c_06:,383.2770047187805,219,safe,-1.1055995225906372,lam_0_c_08:,381.80938243865967,219,safe,-1.1055995225906372,lam_05_c_04:,381.9766499996185,219,safe,-1.1055995225906372,lam_05_c_06:,381.4840240478516,219,safe,-1.1055995225906372,lam_05_c_08:,381.6140205860138,219,safe,-1.1055995225906372,lam_1_c_04:,379.8371069431305,219,safe,-1.1055995225906372,lam_1_c_06:,380.0641288757324,219,safe,-1.1055995225906372,lam_1_c_08:,382.5640413761139,219,safe,-1.1055995225906372
13,0.0470588235294117,Baseline:,40.109763622283936,8,advExample,,lam_0_c_0:,58.13134217262268,8,advExample,-5.949374675750732,lam_0_c_02:,57.9568076133728,8,advExample,-5.949374675750732,lam_0_c_1:,58.26105523109436,8,advExample,-5.949374675750732,lam_05_c_0:,40.85966610908508,6,advExample,-5.949374675750732,lam_05_c_02:,58.658350706100464,8,advExample,-5.949374675750732,lam_05_c_1:,58.81308698654175,8,advExample,-5.949374675750732,lam_1_c_0:,1016.9711751937866,111,unknown,-5.949374675750732,lam_1_c_02:,1012.2181782722472,111,unknown,-5.949374675750732,lam_1_c_1:,115.7640233039856,14,advExample,-5.949374675750732,lam_0_c_04:,59.30337047576904,8,advExample,-5.949374675750732,lam_0_c_06:,59.43974757194519,8,advExample,-5.949374675750732,lam_0_c_08:,59.26112675666809,8,advExample,-5.949374675750732,lam_05_c_04:,58.9786868095398,8,advExample,-5.949374675750732,lam_05_c_06:,59.49071407318115,8,advExample,-5.949374675750732,lam_05_c_08:,59.57577395439148,8,advExample,-5.949374675750732,lam_1_c_04:,1009.783589363098,109,unknown,-5.949374675750732,lam_1_c_06:,1009.6335775852205,105,unknown,-5.949374675750732,lam_1_c_08:,114.19697904586792,14,advExample,-5.949374675750732
14,0.0431372549019607,Baseline:,106.00818514823914,16,advExample,,lam_0_c_0:,107.87888598442078,10,advExample,-5.713276386260986,lam_0_c_02:,156.68444991111755,14,advExample,-5.713276386260986,lam_0_c_1:,183.1368491649628,16,advExample,-5.713276386260986,lam_05_c_0:,947.2998249530792,73,advExample,-5.713276386260986,lam_05_c_02:,107.68197703361513,10,advExample,-5.713276386260986,lam_05_c_1:,183.14437294006348,16,advExample,-5.713276386260986,lam_1_c_0:,1015.06831908226,87,unknown,-5.713276386260986,lam_1_c_02:,1006.9154536724092,87,unknown,-5.713276386260986,lam_1_c_1:,1009.6682691574096,81,unknown,-5.713276386260986,lam_0_c_04:,183.0131139755249,16,advExample,-5.713276386260986,lam_0_c_06:,181.63259983062744,16,advExample,-5.713276386260986,lam_0_c_08:,183.3922562599182,16,advExample,-5.713276386260986,lam_05_c_04:,132.62756514549255,12,advExample,-5.713276386260986,lam_05_c_06:,182.6669178009033,16,advExample,-5.713276386260986,lam_05_c_08:,183.28451681137085,16,advExample,-5.713276386260986,lam_1_c_04:,1019.9989154338836,87,unknown,-5.713276386260986,lam_1_c_06:,1019.7048282623292,85,unknown,-5.713276386260986,lam_1_c_08:,1022.8931674957277,81,unknown,-5.713276386260986
34,0.0352941176470588,Baseline:,1005.0706899166108,225,unknown,-2.656459093093872,lam_0_c_0:,1011.7844188213348,131,unknown,-3.3162622451782227,lam_0_c_02:,1012.7083096504213,125,unknown,-3.3162622451782227,lam_0_c_1:,1013.1368522644044,125,unknown,-3.3162622451782227,lam_05_c_0:,216.558423280716,28,advExample,-3.3162622451782227,lam_05_c_02:,248.8551926612854,32,advExample,-3.3162622451782227,lam_05_c_1:,1009.3993487358092,125,unknown,-3.3162622451782227,lam_1_c_0:,1002.5626413822174,153,unknown,-3.3162622451782227,lam_1_c_02:,1013.5094928741456,157,unknown,-3.3162622451782227,lam_1_c_1:,1007.9338595867156,137,unknown,-3.3162622451782227,lam_0_c_04:,1008.0802099704742,123,unknown,-3.3162622451782227,lam_0_c_06:,1004.134698867798,123,unknown,-3.3162622451782227,lam_0_c_08:,1002.1588521003724,123,unknown,-3.3162622451782227,lam_05_c_04:,505.94599056243896,66,advExample,-3.3162622451782227,lam_05_c_06:,865.3094546794891,112,advExample,-3.3162622451782227,lam_05_c_08:,1013.0475420951844,127,unknown,-3.3162622451782227,lam_1_c_04:,1005.5428714752196,153,unknown,-3.3162622451782227,lam_1_c_06:,1004.0218315124512,149,unknown,-3.3162622451782227,lam_1_c_08:,1005.6666853427888,139,unknown,-3.3162622451782227
70,0.0117647058823529,Baseline:,34.50101566314697,41,safe,0.0002580368309281,lam_0_c_0:,39.03768038749695,41,safe,-0.0523031130433082,lam_0_c_02:,38.95065236091614,41,safe,-0.0523031130433082,lam_0_c_1:,38.90287208557129,41,safe,-0.0523031130433082,lam_05_c_0:,39.05852198600769,41,safe,-0.0523031130433082,lam_05_c_02:,38.40280771255493,41,safe,-0.0523031130433082,lam_05_c_1:,38.6353964805603,41,safe,-0.0523031130433082,lam_1_c_0:,38.56499743461609,41,safe,-0.0523031130433082,lam_1_c_02:,38.497737646102905,41,safe,-0.0523031130433082,lam_1_c_1:,38.44387149810791,41,safe,-0.0523031130433082,lam_0_c_04:,42.161903858184814,41,safe,-0.0523031130433082,lam_0_c_06:,42.04351592063904,41,safe,-0.0523031130433082,lam_0_c_08:,41.68241620063782,41,safe,-0.0523031130433082,lam_05_c_04:,41.726778745651245,41,safe,-0.0523031130433082,lam_05_c_06:,41.63492751121521,41,safe,-0.0523031130433082,lam_05_c_08:,41.352017402648926,41,safe,-0.0523031130433082,lam_1_c_04:,41.56173300743103,41,safe,-0.0523031130433082,lam_1_c_06:,41.13200306892395,41,safe,-0.0523031130433082,lam_1_c_08:,41.18473696708679,41,safe,-0.0523031130433082
73,0.0235294117647058,Baseline:,4.425513029098511,3,safe,0.014770551584661,lam_0_c_0:,3.4472718238830566,3,safe,0.014770551584661,lam_0_c_02:,3.4399001598358154,3,safe,0.014770551584661,lam_0_c_1:,3.442038059234619,3,safe,0.014770551584661,lam_05_c_0:,3.440744161605835,3,safe,0.014770551584661,lam_05_c_02:,3.622273206710816,3,safe,0.014770551584661,lam_05_c_1:,3.4597361087799072,3,safe,0.014770551584661,lam_1_c_0:,3.442733764648437,3,safe,0.014770551584661,lam_1_c_02:,3.45107364654541,3,safe,0.014770551584661,lam_1_c_1:,3.444157123565674,3,safe,0.014770551584661,lam_0_c_04:,3.7786285877227774,3,safe,0.014770551584661,lam_0_c_06:,3.593188524246216,3,safe,0.014770551584661,lam_0_c_08:,3.618823289871216,3,safe,0.014770551584661,lam_05_c_04:,3.538264274597168,3,safe,0.014770551584661,lam_05_c_06:,3.535238265991211,3,safe,0.014770551584661,lam_05_c_08:,3.539600372314453,3,safe,0.014770551584661,lam_1_c_04:,3.524704694747925,3,safe,0.014770551584661,lam_1_c_06:,3.4956047534942627,3,safe,0.014770551584661,lam_1_c_08:,3.5282907485961914,3,safe,0.014770551584661
81,0.0274509803921568,Baseline:,77.49547147750854,91,safe,0.0072444225661456,lam_0_c_0:,90.51239967346191,91,safe,-0.1389224678277969,lam_0_c_02:,89.81970596313477,91,safe,-0.1389224678277969,lam_0_c_1:,89.77673530578613,91,safe,-0.1389224678277969,lam_05_c_0:,89.82835221290588,91,safe,-0.1389224678277969,lam_05_c_02:,89.35470151901245,91,safe,-0.1389224678277969,lam_05_c_1:,89.17416167259216,91,safe,-0.1389224678277969,lam_1_c_0:,89.09804081916809,91,safe,-0.1389224678277969,lam_1_c_02:,89.60538077354431,91,safe,-0.1389224678277969,lam_1_c_1:,90.12533617019652,91,safe,-0.1389224678277969,lam_0_c_04:,94.19247889518738,91,safe,-0.1389224678277969,lam_0_c_06:,94.10275053977966,91,safe,-0.1389224678277969,lam_0_c_08:,93.92463231086732,91,safe,-0.1389224678277969,lam_05_c_04:,93.7296838760376,91,safe,-0.1389224678277969,lam_05_c_06:,93.28524565696716,91,safe,-0.1389224678277969,lam_05_c_08:,92.78969621658324,91,safe,-0.1389224678277969,lam_1_c_04:,92.78421473503111,91,safe,-0.1389224678277969,lam_1_c_06:,92.60156106948853,91,safe,-0.1389224678277969,lam_1_c_08:,93.36401081085204,91,safe,-0.1389224678277969
84,0.0313725490196078,Baseline:,1002.5472383499146,257,unknown,-0.7246341705322266,lam_0_c_0:,1014.9746899604796,147,unknown,-0.8992293477058411,lam_0_c_02:,1007.5077891349792,147,unknown,-0.8992293477058411,lam_0_c_1:,1006.7390222549438,153,unknown,-0.8992293477058411,lam_05_c_0:,1003.8557035923004,149,unknown,-0.8992293477058411,lam_05_c_02:,1006.3094806671144,149,unknown,-0.8992293477058411,lam_05_c_1:,1010.224353313446,155,unknown,-0.8992293477058411,lam_1_c_0:,1007.9509134292604,157,unknown,-0.8992293477058411,lam_1_c_02:,1013.2556095123292,157,unknown,-0.8992293477058411,lam_1_c_1:,1001.4651257991792,171,unknown,-0.8992293477058411,lam_0_c_04:,1008.5049855709076,143,unknown,-0.8992293477058411,lam_0_c_06:,1002.6593980789183,143,unknown,-0.8992293477058411,lam_0_c_08:,1005.4622101783752,143,unknown,-0.8992293477058411,lam_05_c_04:,1003.7037074565887,141,unknown,-0.8992293477058411,lam_05_c_06:,1006.7465710639954,143,unknown,-0.8992293477058411,lam_05_c_08:,1008.7100217342376,145,unknown,-0.8992293477058411,lam_1_c_04:,1008.5134119987488,147,unknown,-0.8992293477058411,lam_1_c_06:,1009.1396901607512,145,unknown,-0.8992293477058411,lam_1_c_08:,1006.4520914554596,161,unknown,-0.8992293477058411
92,0.0431372549019607,Baseline:,1005.2731206417084,232,unknown,-1.9415614604949951,lam_0_c_0:,587.3577454090118,72,advExample,-6.876535892486572,lam_0_c_02:,798.2763965129852,98,advExample,-6.876535892486572,lam_0_c_1:,1012.107085943222,129,unknown,-6.876535892486572,lam_05_c_0:,195.16107630729675,26,advExample,-6.876535892486572,lam_05_c_02:,239.54824304580688,32,advExample,-6.876535892486572,lam_05_c_1:,645.3907010555267,82,advExample,-6.876535892486572,lam_1_c_0:,1008.1191794872284,131,unknown,-6.876535892486572,lam_1_c_02:,1011.2602648735046,131,unknown,-6.876535892486572,lam_1_c_1:,1014.3335468769072,155,unknown,-6.876535892486572,lam_0_c_04:,902.5384685993196,112,advExample,-6.876535892486572,lam_0_c_06:,981.5989632606506,122,advExample,-6.876535892486572,lam_0_c_08:,1018.0211663246156,125,unknown,-6.876535892486572,lam_05_c_04:,552.3737626075745,68,advExample,-6.876535892486572,lam_05_c_06:,459.6666607856751,58,advExample,-6.876535892486572,lam_05_c_08:,553.1511352062225,70,advExample,-6.876535892486572,lam_1_c_04:,1005.020733833313,141,unknown,-6.876535892486572,lam_1_c_06:,1004.7895023822784,141,unknown,-6.876535892486572,lam_1_c_08:,1011.2635037899016,143,unknown,-6.876535892486572
98,0.0431372549019607,Baseline:,95.31546306610107,103,safe,0.0084396973252296,lam_0_c_0:,107.48728156089784,103,safe,-0.262949675321579,lam_0_c_02:,107.6496205329895,103,safe,-0.262949675321579,lam_0_c_1:,106.66783499717712,103,safe,-0.262949675321579,lam_05_c_0:,106.56291818618774,103,safe,-0.262949675321579,lam_05_c_02:,106.43992161750792,103,safe,-0.262949675321579,lam_05_c_1:,105.89709854125977,103,safe,-0.262949675321579,lam_1_c_0:,105.83244466781616,103,safe,-0.262949675321579,lam_1_c_02:,106.57009553909302,103,safe,-0.262949675321579,lam_1_c_1:,106.69905090332033,103,safe,-0.262949675321579,lam_0_c_04:,113.30809450149536,103,safe,-0.262949675321579,lam_0_c_06:,112.71686124801636,103,safe,-0.262949675321579,lam_0_c_08:,112.34120893478394,103,safe,-0.262949675321579,lam_05_c_04:,111.68110609054564,103,safe,-0.262949675321579,lam_05_c_06:,111.21389293670654,103,safe,-0.262949675321579,lam_05_c_08:,110.93484330177309,103,safe,-0.262949675321579,lam_1_c_04:,110.87164044380188,103,safe,-0.262949675321579,lam_1_c_06:,110.33242988586426,103,safe,-0.262949675321579,lam_1_c_08:,111.26250696182252,103,safe,-0.262949675321579
98,0.0549019607843137,Baseline:,1002.3918833732604,480,unknown,-0.8456695675849915,lam_0_c_0:,1002.0504314899443,301,unknown,-1.05849027633667,lam_0_c_02:,1004.4753360748292,301,unknown,-1.05849027633667,lam_0_c_1:,1008.0530223846436,299,unknown,-1.05849027633667,lam_05_c_0:,327.8466613292694,97,advExample,-1.05849027633667,lam_05_c_02:,343.76148796081543,101,advExample,-1.05849027633667,lam_05_c_1:,1004.0220549106598,291,unknown,-1.05849027633667,lam_1_c_0:,1001.66579246521,331,unknown,-1.05849027633667,lam_1_c_02:,1005.8257391452788,331,unknown,-1.05849027633667,lam_1_c_1:,1007.4823243618011,327,unknown,-1.05849027633667,lam_0_c_04:,1005.9180011749268,283,unknown,-1.05849027633667,lam_0_c_06:,1006.580317735672,283,unknown,-1.05849027633667,lam_0_c_08:,1006.6404988765717,285,unknown,-1.05849027633667,lam_05_c_04:,881.0800654888153,245,advExample,-1.05849027633667,lam_05_c_06:,1006.824896812439,279,unknown,-1.05849027633667,lam_05_c_08:,1005.5958783626556,281,unknown,-1.05849027633667,lam_1_c_04:,1006.5427787303925,315,unknown,-1.05849027633667,lam_1_c_06:,1006.6667659282684,315,unknown,-1.05849027633667,lam_1_c_08:,1006.2874484062196,313,unknown,-1.05849027633667
4,0.0196078431372549,Baseline:,18.65286111831665,3,safe,0.0406505689024925,lam_0_c_0:,15.252015829086304,3,safe,0.0406505689024925,lam_0_c_02:,15.224594831466677,3,safe,0.0406505689024925,lam_0_c_1:,15.28042984008789,3,safe,0.0406505689024925,lam_05_c_0:,15.184340000152588,3,safe,0.0406505689024925,lam_05_c_02:,15.088289737701416,3,safe,0.0406505689024925,lam_05_c_1:,15.437968015670776,3,safe,0.0406505689024925,lam_1_c_0:,15.237207412719728,3,safe,0.0406505689024925,lam_1_c_02:,15.038904428482056,3,safe,0.0406505689024925,lam_1_c_1:,15.157873153686523,3,safe,0.0406505689024925,lam_0_c_04:,15.80400538444519,3,safe,0.0406505689024925,lam_0_c_06:,15.419280290603638,3,safe,0.0406505689024925,lam_0_c_08:,15.256768703460692,3,safe,0.0406505689024925,lam_05_c_04:,15.55936884880066,3,safe,0.0406505689024925,lam_05_c_06:,15.37595510482788,3,safe,0.0406505689024925,lam_05_c_08:,15.362522840499878,3,safe,0.0406505689024925,lam_1_c_04:,15.460988998413086,3,safe,0.0406505689024925,lam_1_c_06:,15.642893314361572,3,safe,0.0406505689024925,lam_1_c_08:,15.37912106513977,3,safe,0.0406505689024925
18,0.0509803921568627,Baseline:,1016.296905517578,47,unknown,-3.9533286094665527,lam_0_c_0:,1061.146157026291,29,unknown,-3.9533286094665527,lam_0_c_02:,1006.4993443489076,27,unknown,-3.9533286094665527,lam_0_c_1:,1074.452142715454,27,unknown,-3.9533286094665527,lam_05_c_0:,1070.449328660965,29,unknown,-3.9533286094665527,lam_05_c_02:,1070.3257653713226,29,unknown,-3.9533286094665527,lam_05_c_1:,1066.484862089157,27,unknown,-3.9533286094665527,lam_1_c_0:,1043.1665773391724,23,unknown,-3.9533286094665527,lam_1_c_02:,1048.1961205005646,23,unknown,-3.9533286094665527,lam_1_c_1:,1017.345973968506,25,unknown,-3.9533286094665527,lam_0_c_04:,1036.987832069397,27,unknown,-3.9533286094665527,lam_0_c_06:,1034.8278782367706,27,unknown,-3.9533286094665527,lam_0_c_08:,1049.2903697490692,27,unknown,-3.9533286094665527,lam_05_c_04:,1054.805433511734,27,unknown,-3.9533286094665527,lam_05_c_06:,1059.151550769806,27,unknown,-3.9533286094665527,lam_05_c_08:,1087.4473659992218,27,unknown,-3.9533286094665527,lam_1_c_04:,1077.4976534843445,25,unknown,-3.9533286094665527,lam_1_c_06:,1083.9361448287964,27,unknown,-3.9533286094665527,lam_1_c_08:,1079.8664391040802,27,unknown,-3.9533286094665527
38,0.0156862745098039,Baseline:,48.55668091773987,15,safe,0.0034922468475997,lam_0_c_0:,57.267948150634766,15,safe,-0.268776386976242,lam_0_c_02:,57.25597167015076,15,safe,-0.268776386976242,lam_0_c_1:,56.91117787361145,15,safe,-0.268776386976242,lam_05_c_0:,57.03983998298645,15,safe,-0.268776386976242,lam_05_c_02:,56.930054664611816,15,safe,-0.268776386976242,lam_05_c_1:,56.68027424812317,15,safe,-0.268776386976242,lam_1_c_0:,56.97460985183716,15,safe,-0.268776386976242,lam_1_c_02:,56.57954788208008,15,safe,-0.268776386976242,lam_1_c_1:,56.79713582992554,15,safe,-0.268776386976242,lam_0_c_04:,58.28346824645996,15,safe,-0.268776386976242,lam_0_c_06:,58.72705364227295,15,safe,-0.268776386976242,lam_0_c_08:,58.0205774307251,15,safe,-0.268776386976242,lam_05_c_04:,58.08637595176697,15,safe,-0.268776386976242,lam_05_c_06:,58.04765558242798,15,safe,-0.268776386976242,lam_05_c_08:,58.16953492164612,15,safe,-0.268776386976242,lam_1_c_04:,58.026076793670654,15,safe,-0.268776386976242,lam_1_c_06:,57.22828197479248,15,safe,-0.268776386976242,lam_1_c_08:,57.16641163825989,15,safe,-0.268776386976242
50,0.0509803921568627,Baseline:,93.1239321231842,2,advExample,,lam_0_c_0:,63.465763092041016,2,advExample,,lam_0_c_02:,63.81784462928772,2,advExample,,lam_0_c_1:,63.56487774848938,2,advExample,,lam_05_c_0:,63.8064558506012,2,advExample,,lam_05_c_02:,63.56916308403015,2,advExample,,lam_05_c_1:,63.46721863746643,2,advExample,,lam_1_c_0:,63.65458106994629,2,advExample,,lam_1_c_02:,63.3499014377594,2,advExample,,lam_1_c_1:,63.95270276069641,2,advExample,,lam_0_c_04:,63.21214246749878,2,advExample,,lam_0_c_06:,63.02939128875733,2,advExample,,lam_0_c_08:,63.15360188484192,2,advExample,,lam_05_c_04:,63.01390075683594,2,advExample,,lam_05_c_06:,62.91443753242493,2,advExample,,lam_05_c_08:,63.5597927570343,2,advExample,,lam_1_c_04:,63.21865701675415,2,advExample,,lam_1_c_06:,63.25777196884155,2,advExample,,lam_1_c_08:,62.80423617362976,2,advExample,
54,0.0431372549019607,Baseline:,1017.311463356018,37,unknown,-3.681531429290772,lam_0_c_0:,1031.8640539646149,21,unknown,-4.255393028259277,lam_0_c_02:,1052.349143266678,21,unknown,-4.255393028259277,lam_0_c_1:,1040.033197402954,21,unknown,-4.255393028259277,lam_05_c_0:,1027.590132713318,21,unknown,-4.255393028259277,lam_05_c_02:,1051.4184596538544,21,unknown,-4.255393028259277,lam_05_c_1:,1045.631531715393,21,unknown,-4.255393028259277,lam_1_c_0:,1082.9929895401,21,unknown,-4.255393028259277,lam_1_c_02:,1080.4804978370669,21,unknown,-4.255393028259277,lam_1_c_1:,1050.9409539699554,21,unknown,-4.255393028259277,lam_0_c_04:,1057.9750106334686,21,unknown,-4.255393028259277,lam_0_c_06:,1054.1815965175629,21,unknown,-4.255393028259277,lam_0_c_08:,1051.1657803058624,21,unknown,-4.255393028259277,lam_05_c_04:,1069.6446185112,21,unknown,-4.255393028259277,lam_05_c_06:,1051.011771440506,21,unknown,-4.255393028259277,lam_05_c_08:,1051.8974974155426,21,unknown,-4.255393028259277,lam_1_c_04:,1066.6172051429749,21,unknown,-4.255393028259277,lam_1_c_06:,1048.7968018054962,21,unknown,-4.255393028259277,lam_1_c_08:,1049.1963593959808,21,unknown,-4.255393028259277
66,0.0235294117647058,Baseline:,1005.6785364151,169,unknown,-0.5012891888618469,lam_0_c_0:,1011.919047355652,101,unknown,-0.9094441533088684,lam_0_c_02:,1023.5920984745026,101,unknown,-0.9094441533088684,lam_0_c_1:,1003.6617243289948,95,unknown,-0.9094441533088684,lam_05_c_0:,479.3526773452759,54,advExample,-0.9094441533088684,lam_05_c_02:,737.1415441036224,80,advExample,-0.9094441533088684,lam_05_c_1:,1005.6206822395324,97,unknown,-0.9094441533088684,lam_1_c_0:,1006.8336324691772,105,unknown,-0.9094441533088684,lam_1_c_02:,1006.835414648056,105,unknown,-0.9094441533088684,lam_1_c_1:,1013.696827173233,107,unknown,-0.9094441533088684,lam_0_c_04:,1012.7561416625977,101,unknown,-0.9094441533088684,lam_0_c_06:,1021.8677816390992,101,unknown,-0.9094441533088684,lam_0_c_08:,1005.4381711483002,99,unknown,-0.9094441533088684,lam_05_c_04:,1013.704407930374,107,unknown,-0.9094441533088684,lam_05_c_06:,1007.8522753715516,103,unknown,-0.9094441533088684,lam_05_c_08:,1005.9864101409912,99,unknown,-0.9094441533088684,lam_1_c_04:,1003.9920921325684,105,unknown,-0.9094441533088684,lam_1_c_06:,1004.6075222492218,111,unknown,-0.9094441533088684,lam_1_c_08:,1003.7837538719176,111,unknown,-0.9094441533088684
76,0.0392156862745098,Baseline:,443.8378825187683,13,advExample,-4.4191765785217285,lam_0_c_0:,512.2298998832703,9,advExample,-5.545634746551514,lam_0_c_02:,511.3401803970337,9,advExample,-5.545634746551514,lam_0_c_1:,512.6867225170135,9,advExample,-5.545634746551514,lam_05_c_0:,385.5201284885407,7,advExample,-5.545634746551514,lam_05_c_02:,507.93072986602783,9,advExample,-5.545634746551514,lam_05_c_1:,507.7198550701141,9,advExample,-5.545634746551514,lam_1_c_0:,382.6989135742188,7,advExample,-5.545634746551514,lam_1_c_02:,379.278178691864,7,advExample,-5.545634746551514,lam_1_c_1:,502.5335590839386,9,advExample,-5.545634746551514,lam_0_c_04:,510.8969552516937,9,advExample,-5.545634746551514,lam_0_c_06:,509.0452816486359,9,advExample,-5.545634746551514,lam_0_c_08:,510.2357859611511,9,advExample,-5.545634746551514,lam_05_c_04:,509.8811972141266,9,advExample,-5.545634746551514,lam_05_c_06:,509.2224156856537,9,advExample,-5.545634746551514,lam_05_c_08:,508.1867384910584,9,advExample,-5.545634746551514,lam_1_c_04:,507.3410108089447,9,advExample,-5.545634746551514,lam_1_c_06:,512.0783619880676,9,advExample,-5.545634746551514,lam_1_c_08:,505.0845429897308,9,advExample,-5.545634746551514
80,0.0313725490196078,Baseline:,1009.665244102478,39,unknown,-2.9071547985076904,lam_0_c_0:,1069.5318546295166,23,unknown,-2.9071547985076904,lam_0_c_02:,1072.9358961582184,23,unknown,-2.9071547985076904,lam_0_c_1:,1076.5964329242706,23,unknown,-2.9071547985076904,lam_05_c_0:,1029.2358672618866,23,unknown,-2.9071547985076904,lam_05_c_02:,1079.8332378864288,23,unknown,-2.9071547985076904,lam_05_c_1:,1069.7546246051788,23,unknown,-2.9071547985076904,lam_1_c_0:,1014.7348093986512,21,unknown,-2.9071547985076904,lam_1_c_02:,1065.6725988388062,23,unknown,-2.9071547985076904,lam_1_c_1:,1007.8429160118104,21,unknown,-2.9071547985076904,lam_0_c_04:,1084.449002742767,23,unknown,-2.9071547985076904,lam_0_c_06:,1081.7453029155731,23,unknown,-2.9071547985076904,lam_0_c_08:,1084.72931432724,23,unknown,-2.9071547985076904,lam_05_c_04:,1110.4660868644714,23,unknown,-2.9071547985076904,lam_05_c_06:,1082.9718387126925,23,unknown,-2.9071547985076904,lam_05_c_08:,1082.2690303325653,23,unknown,-2.9071547985076904,lam_1_c_04:,1128.5404288768768,21,unknown,-2.9071547985076904,lam_1_c_06:,1031.1505119800568,21,unknown,-2.9071547985076904,lam_1_c_08:,1033.5550420284271,21,unknown,-2.9071547985076904
99,0.0235294117647058,Baseline:,71.86204695701599,17,safe,0.1343976557254791,lam_0_c_0:,99.5641267299652,17,safe,-0.3364328444004059,lam_0_c_02:,99.39606928825378,17,safe,-0.3364328444004059,lam_0_c_1:,88.73595452308655,17,safe,-0.3364328444004059,lam_05_c_0:,92.93255186080933,17,safe,-0.3364328444004059,lam_05_c_02:,98.23198318481444,17,safe,-0.3364328444004059,lam_05_c_1:,88.63258957862854,17,safe,-0.3364328444004059,lam_1_c_0:,97.552161693573,17,safe,-0.3364328444004059,lam_1_c_02:,96.56799840927124,17,safe,-0.3364328444004059,lam_1_c_1:,88.6535747051239,17,safe,-0.3364328444004059,lam_0_c_04:,99.60683870315552,17,safe,-0.3364328444004059,lam_0_c_06:,89.02487301826477,17,safe,-0.3364328444004059,lam_0_c_08:,89.0056402683258,17,safe,-0.3364328444004059,lam_05_c_04:,99.11937499046326,17,safe,-0.3364328444004059,lam_05_c_06:,88.74096012115479,17,safe,-0.3364328444004059,lam_05_c_08:,88.61018681526184,17,safe,-0.3364328444004059,lam_1_c_04:,97.87282156944276,17,safe,-0.3364328444004059,lam_1_c_06:,98.28868913650513,17,safe,-0.3364328444004059,lam_1_c_08:,89.15504479408264,17,safe,-0.3364328444004059
1,0.0235294117647058,Baseline:,15.623232126235962,3,advExample,-1.3934638500213623,lam_0_c_0:,15.135229110717772,3,advExample,-1.3934638500213623,lam_0_c_02:,15.008993148803713,3,advExample,-1.3934638500213623,lam_0_c_1:,14.882338523864746,3,advExample,-1.3934638500213623,lam_05_c_0:,15.026976108551024,3,advExample,-1.3934638500213623,lam_05_c_02:,15.079570055007936,3,advExample,-1.3934638500213623,lam_05_c_1:,15.18019700050354,3,advExample,-1.3934638500213623,lam_1_c_0:,15.08939003944397,3,advExample,-1.3934638500213623,lam_1_c_02:,15.01983380317688,3,advExample,-1.3934638500213623,lam_1_c_1:,14.824617385864258,3,advExample,-1.3934638500213623,lam_0_c_04:,14.75291347503662,3,advExample,-1.3934638500213623,lam_0_c_06:,14.67313838005066,3,advExample,-1.3934638500213623,lam_0_c_08:,14.607842922210692,3,advExample,-1.3934638500213623,lam_05_c_04:,14.627201795578005,3,advExample,-1.3934638500213623,lam_05_c_06:,14.64017629623413,3,advExample,-1.3934638500213623,lam_05_c_08:,14.637115478515623,3,advExample,-1.3934638500213623,lam_1_c_04:,14.60476279258728,3,advExample,-1.3934638500213623,lam_1_c_06:,14.687952995300291,3,advExample,-1.3934638500213623,lam_1_c_08:,14.65612769126892,3,advExample,-1.3934638500213623
3,0.0196078431372549,Baseline:,127.09689331054688,66,advExample,-0.4591377973556518,lam_0_c_0:,49.62373733520508,20,advExample,-0.912381649017334,lam_0_c_02:,71.63726568222046,28,advExample,-0.912381649017334,lam_0_c_1:,95.4303526878357,36,advExample,-0.912381649017334,lam_05_c_0:,34.73982620239258,14,advExample,-0.912381649017334,lam_05_c_02:,45.33051514625549,18,advExample,-0.912381649017334,lam_05_c_1:,95.5017740726471,36,advExample,-0.912381649017334,lam_1_c_0:,1008.5697066783904,403,unknown,-0.912381649017334,lam_1_c_02:,1006.7395231723784,405,unknown,-0.912381649017334,lam_1_c_1:,1007.5028624534608,385,unknown,-0.912381649017334,lam_0_c_04:,89.34995913505554,34,advExample,-0.912381649017334,lam_0_c_06:,93.93342113494872,36,advExample,-0.912381649017334,lam_0_c_08:,93.28596568107604,36,advExample,-0.912381649017334,lam_05_c_04:,43.89124274253845,18,advExample,-0.912381649017334,lam_05_c_06:,60.63940405845642,24,advExample,-0.912381649017334,lam_05_c_08:,77.2002363204956,30,advExample,-0.912381649017334,lam_1_c_04:,1004.5734469890594,403,unknown,-0.912381649017334,lam_1_c_06:,1004.7343711853028,393,unknown,-0.912381649017334,lam_1_c_08:,1003.5232622623444,381,unknown,-0.912381649017334
4,0.0235294117647058,Baseline:,345.01445412635803,38,advExample,-1.6396623849868774,lam_0_c_0:,371.1940469741821,24,advExample,-2.5261385440826416,lam_0_c_02:,368.9194746017456,24,advExample,-2.5261385440826416,lam_0_c_1:,511.0855686664581,32,advExample,-2.5261385440826416,lam_05_c_0:,137.6123185157776,10,advExample,-2.5261385440826416,lam_05_c_02:,170.96325826644895,12,advExample,-2.5261385440826416,lam_05_c_1:,506.8167564868927,32,advExample,-2.5261385440826416,lam_1_c_0:,1023.4540231227876,59,unknown,-2.5261385440826416,lam_1_c_02:,1032.6053564548492,59,unknown,-2.5261385440826416,lam_1_c_1:,1014.438093662262,57,unknown,-2.5261385440826416,lam_0_c_04:,520.8420333862305,32,advExample,-2.5261385440826416,lam_0_c_06:,525.7453651428223,32,advExample,-2.5261385440826416,lam_0_c_08:,522.1791183948517,32,advExample,-2.5261385440826416,lam_05_c_04:,372.71756505966187,24,advExample,-2.5261385440826416,lam_05_c_06:,525.8744297027588,32,advExample,-2.5261385440826416,lam_05_c_08:,521.6405737400055,32,advExample,-2.5261385440826416,lam_1_c_04:,1044.2054750919342,57,unknown,-2.5261385440826416,lam_1_c_06:,1025.877961397171,53,unknown,-2.5261385440826416,lam_1_c_08:,1023.888863325119,55,unknown,-2.5261385440826416
16,0.0274509803921568,Baseline:,116.99655175209044,31,safe,0.0126809384673833,lam_0_c_0:,139.12047600746155,31,safe,-0.0188772622495889,lam_0_c_02:,140.62928462028503,31,safe,-0.0188772622495889,lam_0_c_1:,139.47870540618896,31,safe,-0.0188772622495889,lam_05_c_0:,140.73056030273438,31,safe,-0.0188772622495889,lam_05_c_02:,141.63720297813416,31,safe,-0.0188772622495889,lam_05_c_1:,141.71843075752258,31,safe,-0.0188772622495889,lam_1_c_0:,142.16925859451294,31,safe,-0.0188772622495889,lam_1_c_02:,141.56644654273987,31,safe,-0.0188772622495889,lam_1_c_1:,141.6658639907837,31,safe,-0.0188772622495889,lam_0_c_04:,142.26234245300293,31,safe,-0.0188772622495889,lam_0_c_06:,142.72877669334412,31,safe,-0.0188772622495889,lam_0_c_08:,144.23917078971863,31,safe,-0.0188772622495889,lam_05_c_04:,145.81002497673035,31,safe,-0.0188772622495889,lam_05_c_06:,144.53202939033508,31,safe,-0.0188772622495889,lam_05_c_08:,145.56103825569153,31,safe,-0.0188772622495889,lam_1_c_04:,143.84539771080017,31,safe,-0.0188772622495889,lam_1_c_06:,145.11657118797302,31,safe,-0.0188772622495889,lam_1_c_08:,142.7034454345703,31,safe,-0.0188772622495889
16,0.0392156862745098,Baseline:,1007.0200235843658,62,unknown,-2.5974786281585693,lam_0_c_0:,1063.2613949775696,35,unknown,-3.0388293266296387,lam_0_c_02:,1011.130821466446,33,unknown,-3.0388293266296387,lam_0_c_1:,1023.5383744239808,33,unknown,-3.0388293266296387,lam_05_c_0:,1020.1946213245392,33,unknown,-3.0388293266296387,lam_05_c_02:,1062.3924443721771,35,unknown,-3.0388293266296387,lam_05_c_1:,1022.7430508136748,33,unknown,-3.0388293266296387,lam_1_c_0:,1003.0795102119446,39,unknown,-3.0388293266296387,lam_1_c_02:,1044.433161020279,41,unknown,-3.0388293266296387,lam_1_c_1:,1014.7069973945618,33,unknown,-3.0388293266296387,lam_0_c_04:,1020.5356905460358,33,unknown,-3.0388293266296387,lam_0_c_06:,1012.5487673282624,33,unknown,-3.0388293266296387,lam_0_c_08:,1030.5073256492617,33,unknown,-3.0388293266296387,lam_05_c_04:,1054.8756754398346,33,unknown,-3.0388293266296387,lam_05_c_06:,1062.7178978919983,33,unknown,-3.0388293266296387,lam_05_c_08:,1042.5057685375214,33,unknown,-3.0388293266296387,lam_1_c_04:,1006.0641813278198,39,unknown,-3.0388293266296387,lam_1_c_06:,1039.1456570625303,37,unknown,-3.0388293266296387,lam_1_c_08:,1007.6837999820708,33,unknown,-3.0388293266296387
21,0.0509803921568627,Baseline:,20.87028455734253,2,advExample,,lam_0_c_0:,12.389918327331545,2,advExample,,lam_0_c_02:,12.43133783340454,2,advExample,,lam_0_c_1:,12.661242961883543,2,advExample,,lam_05_c_0:,13.011640548706056,2,advExample,,lam_05_c_02:,12.662757396697998,2,advExample,,lam_05_c_1:,12.696972131729126,2,advExample,,lam_1_c_0:,12.78390407562256,2,advExample,,lam_1_c_02:,13.015591859817505,2,advExample,,lam_1_c_1:,12.743873119354248,2,advExample,,lam_0_c_04:,12.986126899719238,2,advExample,,lam_0_c_06:,13.135486841201782,2,advExample,,lam_0_c_08:,13.155084371566772,2,advExample,,lam_05_c_04:,13.12580180168152,2,advExample,,lam_05_c_06:,13.132642030715942,2,advExample,,lam_05_c_08:,13.210211992263794,2,advExample,,lam_1_c_04:,13.410666465759276,2,advExample,,lam_1_c_06:,13.484582901000977,2,advExample,,lam_1_c_08:,13.333916664123535,2,advExample,
29,0.0196078431372549,Baseline:,69.26193118095398,17,safe,0.0562543496489524,lam_0_c_0:,84.77287411689758,17,safe,-0.7011635303497314,lam_0_c_02:,86.32198429107666,17,safe,-0.7011635303497314,lam_0_c_1:,87.04014587402344,17,safe,-0.7011635303497314,lam_05_c_0:,87.06275701522827,17,safe,-0.7011635303497314,lam_05_c_02:,87.9667010307312,17,safe,-0.7011635303497314,lam_05_c_1:,87.14784479141235,17,safe,-0.7011635303497314,lam_1_c_0:,87.25137209892273,17,safe,-0.7011635303497314,lam_1_c_02:,85.77089858055115,17,safe,-0.7011635303497314,lam_1_c_1:,86.78358697891235,17,safe,-0.7011635303497314,lam_0_c_04:,86.3905336856842,17,safe,-0.7011635303497314,lam_0_c_06:,87.66458106040955,17,safe,-0.7011635303497314,lam_0_c_08:,86.3693528175354,17,safe,-0.7011635303497314,lam_05_c_04:,86.69617652893066,17,safe,-0.7011635303497314,lam_05_c_06:,85.89138555526733,17,safe,-0.7011635303497314,lam_05_c_08:,85.78104972839355,17,safe,-0.7011635303497314,lam_1_c_04:,85.98780393600464,17,safe,-0.7011635303497314,lam_1_c_06:,87.03737568855286,17,safe,-0.7011635303497314,lam_1_c_08:,85.46414494514465,17,safe,-0.7011635303497314
29,0.0352941176470588,Baseline:,225.79309630393985,11,advExample,-6.3904290199279785,lam_0_c_0:,288.28134989738464,9,advExample,-7.99541711807251,lam_0_c_02:,289.5301125049591,9,advExample,-7.99541711807251,lam_0_c_1:,292.1066884994507,9,advExample,-7.99541711807251,lam_05_c_0:,211.6357536315918,7,advExample,-7.99541711807251,lam_05_c_02:,291.6779923439026,9,advExample,-7.99541711807251,lam_05_c_1:,287.3530957698822,9,advExample,-7.99541711807251,lam_1_c_0:,1013.9102041721344,25,unknown,-7.99541711807251,lam_1_c_02:,1031.6958236694336,25,unknown,-7.99541711807251,lam_1_c_1:,451.44616293907166,13,advExample,-7.99541711807251,lam_0_c_04:,300.67545104026794,9,advExample,-7.99541711807251,lam_0_c_06:,295.2337348461151,9,advExample,-7.99541711807251,lam_0_c_08:,299.88845205307007,9,advExample,-7.99541711807251,lam_05_c_04:,296.3525359630585,9,advExample,-7.99541711807251,lam_05_c_06:,299.282434463501,9,advExample,-7.99541711807251,lam_05_c_08:,302.5066568851471,9,advExample,-7.99541711807251,lam_1_c_04:,1059.6442527770996,25,unknown,-7.99541711807251,lam_1_c_06:,1010.113443851471,25,unknown,-7.99541711807251,lam_1_c_08:,475.1992304325104,13,advExample,-7.99541711807251
50,0.0470588235294117,Baseline:,1012.0000820159912,39,unknown,-9.984541893005373,lam_0_c_0:,1004.4810547828674,23,unknown,-10.100069999694824,lam_0_c_02:,1012.5300464630128,23,unknown,-10.100069999694824,lam_0_c_1:,1015.1275684833528,23,unknown,-10.100069999694824,lam_05_c_0:,935.4224896430968,22,advExample,-10.100069999694824,lam_05_c_02:,931.8346197605132,22,advExample,-10.100069999694824,lam_05_c_1:,1004.33380484581,23,unknown,-10.100069999694824,lam_1_c_0:,1071.5600681304932,25,unknown,-10.100069999694824,lam_1_c_02:,1022.0364468097688,23,unknown,-10.100069999694824,lam_1_c_1:,1049.3454077243805,23,unknown,-10.100069999694824,lam_0_c_04:,1028.430065393448,23,unknown,-10.100069999694824,lam_0_c_06:,1014.8872768878936,23,unknown,-10.100069999694824,lam_0_c_08:,1027.994503736496,23,unknown,-10.100069999694824,lam_05_c_04:,1034.7090709209442,23,unknown,-10.100069999694824,lam_05_c_06:,1037.2831354141235,23,unknown,-10.100069999694824,lam_05_c_08:,1079.249213218689,25,unknown,-10.100069999694824,lam_1_c_04:,1036.930454969406,25,unknown,-10.100069999694824,lam_1_c_06:,1060.8882932662964,23,unknown,-10.100069999694824,lam_1_c_08:,1062.9614536762238,19,unknown,-10.100069999694824
50,0.0509803921568627,Baseline:,279.73792576789856,9,advExample,-12.63648509979248,lam_0_c_0:,308.1513614654541,7,advExample,-12.752204895019531,lam_0_c_02:,418.9393193721771,9,advExample,-12.752204895019531,lam_0_c_1:,418.0832948684693,9,advExample,-12.752204895019531,lam_05_c_0:,310.93464493751526,7,advExample,-12.752204895019531,lam_05_c_02:,310.99817657470703,7,advExample,-12.752204895019531,lam_05_c_1:,415.6261420249939,9,advExample,-12.752204895019531,lam_1_c_0:,1088.0534377098083,23,unknown,-12.752204895019531,lam_1_c_02:,1066.4023184776306,23,unknown,-12.752204895019531,lam_1_c_1:,636.0120368003845,13,advExample,-12.752204895019531,lam_0_c_04:,519.0643172264099,9,advExample,-12.752204895019531,lam_0_c_06:,514.7302868366241,9,advExample,-12.752204895019531,lam_0_c_08:,422.5413851737976,9,advExample,-12.752204895019531,lam_05_c_04:,405.4029974937439,9,advExample,-12.752204895019531,lam_05_c_06:,404.9452438354492,9,advExample,-12.752204895019531,lam_05_c_08:,403.5232193470001,9,advExample,-12.752204895019531,lam_1_c_04:,1036.1973304748535,23,unknown,-12.752204895019531,lam_1_c_06:,1055.6780591011047,21,unknown,-12.752204895019531,lam_1_c_08:,645.6261913776398,13,advExample,-12.752204895019531
50,0.0549019607843137,Baseline:,96.44950461387634,2,advExample,,lam_0_c_0:,58.25833678245544,2,advExample,,lam_0_c_02:,58.15139555931091,2,advExample,,lam_0_c_1:,58.03194379806519,2,advExample,,lam_05_c_0:,57.76340651512146,2,advExample,,lam_05_c_02:,57.66027569770813,2,advExample,,lam_05_c_1:,59.26082444190979,2,advExample,,lam_1_c_0:,58.75228214263916,2,advExample,,lam_1_c_02:,58.90641927719116,2,advExample,,lam_1_c_1:,58.403045892715454,2,advExample,,lam_0_c_04:,58.12266731262207,2,advExample,,lam_0_c_06:,58.23546552658081,2,advExample,,lam_0_c_08:,58.77031683921814,2,advExample,,lam_05_c_04:,58.77334094047546,2,advExample,,lam_05_c_06:,58.67815542221069,2,advExample,,lam_05_c_08:,57.89456129074097,2,advExample,,lam_1_c_04:,57.19344091415405,2,advExample,,lam_1_c_06:,56.98220896720886,2,advExample,,lam_1_c_08:,61.868454694747925,2,advExample,
53,0.0078431372549019,Baseline:,14.409133672714232,5,safe,8.962426363723353e-05,lam_0_c_0:,11.37401819229126,5,safe,-0.0379194058477878,lam_0_c_02:,11.417664051055908,5,safe,-0.0379194058477878,lam_0_c_1:,11.583662748336792,5,safe,-0.0379194058477878,lam_05_c_0:,11.42397427558899,5,safe,-0.0379194058477878,lam_05_c_02:,11.704029321670532,5,safe,-0.0379194058477878,lam_05_c_1:,11.91197419166565,5,safe,-0.0379194058477878,lam_1_c_0:,11.740693092346191,5,safe,-0.0379194058477878,lam_1_c_02:,11.702124118804932,5,safe,-0.0379194058477878,lam_1_c_1:,11.907166481018066,5,safe,-0.0379194058477878,lam_0_c_04:,11.419921398162842,5,safe,-0.0379194058477878,lam_0_c_06:,11.447843313217165,5,safe,-0.0379194058477878,lam_0_c_08:,11.594992399215698,5,safe,-0.0379194058477878,lam_05_c_04:,12.059974431991575,5,safe,-0.0379194058477878,lam_05_c_06:,11.72316575050354,5,safe,-0.0379194058477878,lam_05_c_08:,11.920574188232422,5,safe,-0.0379194058477878,lam_1_c_04:,12.22074294090271,5,safe,-0.0379194058477878,lam_1_c_06:,11.933670997619627,5,safe,-0.0379194058477878,lam_1_c_08:,11.84736680984497,5,safe,-0.0379194058477878
54,0.0431372549019607,Baseline:,1015.8782308101654,46,unknown,-8.442793846130371,lam_0_c_0:,1083.8230123519895,27,unknown,-9.59332275390625,lam_0_c_02:,1010.2271893024443,25,unknown,-9.59332275390625,lam_0_c_1:,1029.4976332187653,25,unknown,-9.59332275390625,lam_05_c_0:,1057.2954061031342,25,unknown,-9.59332275390625,lam_05_c_02:,1034.698788881302,25,unknown,-9.59332275390625,lam_05_c_1:,1035.483705997467,25,unknown,-9.59332275390625,lam_1_c_0:,1033.6500189304352,25,unknown,-9.59332275390625,lam_1_c_02:,1009.4905326366425,25,unknown,-9.59332275390625,lam_1_c_1:,1029.0007464885712,25,unknown,-9.59332275390625,lam_0_c_04:,1050.168282032013,25,unknown,-9.59332275390625,lam_0_c_06:,1040.588993549347,25,unknown,-9.59332275390625,lam_0_c_08:,1034.5301427841189,25,unknown,-9.59332275390625,lam_05_c_04:,1033.9761612415314,25,unknown,-9.59332275390625,lam_05_c_06:,1049.6816520690918,25,unknown,-9.59332275390625,lam_05_c_08:,1032.7259759902954,25,unknown,-9.59332275390625,lam_1_c_04:,1027.2331237792969,25,unknown,-9.59332275390625,lam_1_c_06:,1056.456157207489,25,unknown,-9.59332275390625,lam_1_c_08:,1032.672767162323,25,unknown,-9.59332275390625
66,0.0156862745098039,Baseline:,63.374754428863525,23,safe,0.0128455320373177,lam_0_c_0:,76.31647682189941,23,safe,-0.2439275234937667,lam_0_c_02:,77.98721599578857,23,safe,-0.2439275234937667,lam_0_c_1:,77.77151918411255,23,safe,-0.2439275234937667,lam_05_c_0:,78.049813747406,23,safe,-0.2439275234937667,lam_05_c_02:,77.98287582397461,23,safe,-0.2439275234937667,lam_05_c_1:,78.00078177452087,23,safe,-0.2439275234937667,lam_1_c_0:,77.78733730316162,23,safe,-0.2439275234937667,lam_1_c_02:,77.69109773635864,23,safe,-0.2439275234937667,lam_1_c_1:,77.20404839515686,23,safe,-0.2439275234937667,lam_0_c_04:,78.23566198348999,23,safe,-0.2439275234937667,lam_0_c_06:,76.48561501502991,23,safe,-0.2439275234937667,lam_0_c_08:,78.29544281959534,23,safe,-0.2439275234937667,lam_05_c_04:,79.16351461410522,23,safe,-0.2439275234937667,lam_05_c_06:,79.60821962356567,23,safe,-0.2439275234937667,lam_05_c_08:,78.54669213294983,23,safe,-0.2439275234937667,lam_1_c_04:,78.2130856513977,23,safe,-0.2439275234937667,lam_1_c_06:,79.30369305610657,23,safe,-0.2439275234937667,lam_1_c_08:,77.27080392837524,23,safe,-0.2439275234937667
80,0.0156862745098039,Baseline:,46.84743618965149,23,safe,0.0311275459825992,lam_0_c_0:,52.16008687019348,23,safe,-0.1305118054151535,lam_0_c_02:,51.33424234390259,23,safe,-0.1305118054151535,lam_0_c_1:,53.705686807632446,23,safe,-0.1305118054151535,lam_05_c_0:,54.07619071006775,23,safe,-0.1305118054151535,lam_05_c_02:,53.05609583854675,23,safe,-0.1305118054151535,lam_05_c_1:,53.212223291397095,23,safe,-0.1305118054151535,lam_1_c_0:,53.1157763004303,23,safe,-0.1305118054151535,lam_1_c_02:,53.10477924346924,23,safe,-0.1305118054151535,lam_1_c_1:,53.31228518486023,23,safe,-0.1305118054151535,lam_0_c_04:,51.79468584060669,23,safe,-0.1305118054151535,lam_0_c_06:,51.0618371963501,23,safe,-0.1305118054151535,lam_0_c_08:,51.366525650024414,23,safe,-0.1305118054151535,lam_05_c_04:,51.0063042640686,23,safe,-0.1305118054151535,lam_05_c_06:,52.26020789146423,23,safe,-0.1305118054151535,lam_05_c_08:,52.52625465393066,23,safe,-0.1305118054151535,lam_1_c_04:,52.65724682807922,23,safe,-0.1305118054151535,lam_1_c_06:,53.53607988357544,23,safe,-0.1305118054151535,lam_1_c_08:,53.26147198677063,23,safe,-0.1305118054151535
92,0.0274509803921568,Baseline:,598.6018621921539,102,advExample,-2.1752445697784424,lam_0_c_0:,328.8137934207916,36,advExample,-3.0067403316497803,lam_0_c_02:,400.1062119007111,42,advExample,-3.0067403316497803,lam_0_c_1:,594.1438753604889,64,advExample,-3.0067403316497803,lam_05_c_0:,122.75430679321288,14,advExample,-3.0067403316497803,lam_05_c_02:,142.06547832489014,16,advExample,-3.0067403316497803,lam_05_c_1:,404.56132650375366,42,advExample,-3.0067403316497803,lam_1_c_0:,1008.420123577118,93,unknown,-3.0067403316497803,lam_1_c_02:,1007.0527906417848,93,unknown,-3.0067403316497803,lam_1_c_1:,1019.9399218559264,93,unknown,-3.0067403316497803,lam_0_c_04:,505.578330039978,54,advExample,-3.0067403316497803,lam_0_c_06:,532.0689690113068,58,advExample,-3.0067403316497803,lam_0_c_08:,588.9337768554688,64,advExample,-3.0067403316497803,lam_05_c_04:,185.82349705696103,20,advExample,-3.0067403316497803,lam_05_c_06:,296.0930135250092,32,advExample,-3.0067403316497803,lam_05_c_08:,375.0590624809265,40,advExample,-3.0067403316497803,lam_1_c_04:,1007.847570180893,79,unknown,-3.0067403316497803,lam_1_c_06:,1019.050624847412,81,unknown,-3.0067403316497803,lam_1_c_08:,1004.5125646591188,93,unknown,-3.0067403316497803
96,0.0509803921568627,Baseline:,1056.3087961673737,16,unknown,-24.927947998046875,lam_0_c_0:,1232.2593955993652,11,unknown,-25.157026290893555,lam_0_c_02:,1260.302407026291,11,unknown,-25.157026290893555,lam_0_c_1:,1258.3830134868622,11,unknown,-25.157026290893555,lam_05_c_0:,1232.1996219158173,11,unknown,-25.157026290893555,lam_05_c_02:,1004.1158249378204,9,unknown,-25.157026290893555,lam_05_c_1:,1008.8487272262572,9,unknown,-25.157026290893555,lam_1_c_0:,1224.299770116806,11,unknown,-25.157026290893555,lam_1_c_02:,1223.121051311493,11,unknown,-25.157026290893555,lam_1_c_1:,1217.3028211593628,11,unknown,-25.157026290893555,lam_0_c_04:,1330.571223735809,11,unknown,-25.157026290893555,lam_0_c_06:,1043.1110198497772,7,unknown,-25.157026290893555,lam_0_c_08:,1035.4781794548037,7,unknown,-25.157026290893555,lam_05_c_04:,1174.0604209899902,9,unknown,-25.157026290893555,lam_05_c_06:,1008.4999961853028,9,unknown,-25.157026290893555,lam_05_c_08:,1246.9195883274078,11,unknown,-25.157026290893555,lam_1_c_04:,1015.2495007514954,9,unknown,-25.157026290893555,lam_1_c_06:,1013.5601952075958,9,unknown,-25.157026290893555,lam_1_c_08:,1004.3671629428864,9,unknown,-25.157026290893555
96,0.0549019607843137,Baseline:,1015.9097630977632,13,unknown,-28.86019325256348,lam_0_c_0:,1164.2362396717072,9,unknown,-28.932004928588867,lam_0_c_02:,1168.615852355957,9,unknown,-28.932004928588867,lam_0_c_1:,1171.941062450409,9,unknown,-28.932004928588867,lam_05_c_0:,937.0665998458862,8,advExample,-28.932004928588867,lam_05_c_02:,931.2033689022064,8,advExample,-28.932004928588867,lam_05_c_1:,1169.2332186698914,9,unknown,-28.932004928588867,lam_1_c_0:,932.0411524772644,8,advExample,-28.932004928588867,lam_1_c_02:,941.7297854423524,8,advExample,-28.932004928588867,lam_1_c_1:,1183.4667303562164,9,unknown,-28.932004928588867,lam_0_c_04:,1190.9059875011444,9,unknown,-28.932004928588867,lam_0_c_06:,1152.162668466568,9,unknown,-28.932004928588867,lam_0_c_08:,1140.024359703064,9,unknown,-28.932004928588867,lam_05_c_04:,1140.527328968048,9,unknown,-28.932004928588867,lam_05_c_06:,1143.457153081894,9,unknown,-28.932004928588867,lam_05_c_08:,1139.4490189552307,9,unknown,-28.932004928588867,lam_1_c_04:,899.8529253005981,8,advExample,-28.932004928588867,lam_1_c_06:,1145.7986562252045,9,unknown,-28.932004928588867,lam_1_c_08:,1158.10409450531,9,unknown,-28.932004928588867
96,0.0588235294117647,Baseline:,524.8482706546783,6,advExample,-32.86679458618164,lam_0_c_0:,766.8880641460419,6,advExample,-32.95918655395508,lam_0_c_02:,768.043897151947,6,advExample,-32.95918655395508,lam_0_c_1:,765.6654324531555,6,advExample,-32.95918655395508,lam_05_c_0:,731.1207525730133,6,advExample,-32.95918655395508,lam_05_c_02:,730.8505959510803,6,advExample,-32.95918655395508,lam_05_c_1:,769.7337429523468,6,advExample,-32.95918655395508,lam_1_c_0:,439.12638902664185,4,advExample,-32.95918655395508,lam_1_c_02:,436.9827170372009,4,advExample,-32.95918655395508,lam_1_c_1:,441.6606366634369,4,advExample,-32.95918655395508,lam_0_c_04:,749.6757965087891,6,advExample,-32.95918655395508,lam_0_c_06:,738.8599352836609,6,advExample,-32.95918655395508,lam_0_c_08:,752.3542196750641,6,advExample,-32.95918655395508,lam_05_c_04:,754.1432909965515,6,advExample,-32.95918655395508,lam_05_c_06:,750.8489849567413,6,advExample,-32.95918655395508,lam_05_c_08:,748.5841445922852,6,advExample,-32.95918655395508,lam_1_c_04:,431.8489890098572,4,advExample,-32.95918655395508,lam_1_c_06:,435.4654912948608,4,advExample,-32.95918655395508,lam_1_c_08:,451.8571140766144,4,advExample,-32.95918655395508
98,0.0509803921568627,Baseline:,18.184174060821533,3,safe,0.0545253306627273,lam_0_c_0:,13.484216213226318,3,safe,0.0545253306627273,lam_0_c_02:,13.4200918674469,3,safe,0.0545253306627273,lam_0_c_1:,13.71103549003601,3,safe,0.0545253306627273,lam_05_c_0:,13.9603910446167,3,safe,0.0545253306627273,lam_05_c_02:,13.792258501052856,3,safe,0.0545253306627273,lam_05_c_1:,13.759722232818604,3,safe,0.0545253306627273,lam_1_c_0:,13.970743179321287,3,safe,0.0545253306627273,lam_1_c_02:,14.029168605804443,3,safe,0.0545253306627273,lam_1_c_1:,13.981111526489258,3,safe,0.0545253306627273,lam_0_c_04:,13.310105800628662,3,safe,0.0545253306627273,lam_0_c_06:,13.511896133422852,3,safe,0.0545253306627273,lam_0_c_08:,13.504482746124268,3,safe,0.0545253306627273,lam_05_c_04:,13.73267102241516,3,safe,0.0545253306627273,lam_05_c_06:,13.624006509780884,3,safe,0.0545253306627273,lam_05_c_08:,13.518770456314089,3,safe,0.0545253306627273,lam_1_c_04:,13.514659881591797,3,safe,0.0545253306627273,lam_1_c_06:,13.929861545562744,3,safe,0.0545253306627273,lam_1_c_08:,13.971571445465088,3,safe,0.0545253306627273
